Time,Open,High,Low,Close,Volume
2021-06-02T05:00:00+0000,67.2,67.47,67.2,67.41,28
2021-06-02T06:00:00+0000,67.35,67.37,67.2,67.3,47
2021-06-02T07:00:00+0000,67.23,67.5,67.2,67.32,64
2021-06-02T08:00:00+0000,67.36,67.55,67.35,67.43,196
2021-06-02T09:00:00+0000,67.46,67.72,67.46,67.64,83
2021-06-02T10:00:00+0000,67.64,67.83,67.64,67.78,87
2021-06-02T11:00:00+0000,67.81,67.81,67.68,67.77,58
2021-06-02T12:00:00+0000,67.77,67.77,67.6,67.76,399
2021-06-02T13:00:00+0000,67.77,67.85,67.27,67.3,1129
2021-06-02T14:00:00+0000,67.28,67.89,67.28,67.71,778
2021-06-02T15:00:00+0000,67.66,67.94,67.59,67.9,988
2021-06-02T16:00:00+0000,67.92,68.05,67.87,68.02,625
2021-06-02T17:00:00+0000,68.03,68.28,68.01,68.09,868
2021-06-02T18:00:00+0000,68.08,68.22,68.03,68.06,1682
2021-06-02T19:00:00+0000,68.07,68.11,67.99,68.08,362
2021-06-02T20:00:00+0000,68.12,68.14,68.02,68.09,126
2021-06-02T22:00:00+0000,68.1,68.11,68.1,68.11,9
2021-06-02T23:00:00+0000,68.08,68.08,68.05,68.08,5
2021-06-03T00:00:00+0000,68.08,68.22,68.05,68.22,35
2021-06-03T01:00:00+0000,68.23,68.61,68.23,68.46,116
2021-06-03T02:00:00+0000,68.51,68.69,68.51,68.69,31
2021-06-03T03:00:00+0000,68.68,68.7,68.55,68.55,39
2021-06-03T04:00:00+0000,68.5,68.55,68.49,68.54,19
2021-06-03T05:00:00+0000,68.52,68.65,68.52,68.59,27
2021-06-03T06:00:00+0000,68.6,68.6,68.44,68.5,47
2021-06-03T07:00:00+0000,68.44,68.5,68.33,68.38,110
2021-06-03T08:00:00+0000,68.31,68.52,68.18,68.18,119
2021-06-03T09:00:00+0000,68.15,68.33,67.97,68.23,67
2021-06-03T10:00:00+0000,68.21,68.23,67.89,67.91,174
2021-06-03T11:00:00+0000,67.94,68.13,67.94,68.02,46
2021-06-03T12:00:00+0000,68.02,68.36,67.95,68.27,623
2021-06-03T13:00:00+0000,68.23,68.41,68.0,68.14,797
2021-06-03T14:00:00+0000,68.1,68.39,68.1,68.31,416
2021-06-03T15:00:00+0000,68.3,68.47,67.53,67.92,1201
2021-06-03T16:00:00+0000,67.95,68.04,67.85,68.01,235
2021-06-03T17:00:00+0000,68.01,68.15,67.76,67.97,387
2021-06-03T18:00:00+0000,67.98,68.18,67.95,68.06,1847
2021-06-03T19:00:00+0000,68.05,68.23,68.05,68.23,79
2021-06-03T20:00:00+0000,68.21,68.3,68.2,68.26,38
2021-06-03T22:00:00+0000,68.23,68.24,68.17,68.17,6
2021-06-03T23:00:00+0000,68.12,68.12,68.08,68.08,3
2021-06-04T00:00:00+0000,68.11,68.11,67.82,67.94,25
2021-06-04T01:00:00+0000,67.82,67.88,67.75,67.76,47
2021-06-04T02:00:00+0000,67.68,67.85,67.67,67.85,27
2021-06-04T03:00:00+0000,67.88,68.11,67.88,68.08,39
2021-06-04T04:00:00+0000,68.05,68.08,68.02,68.04,28
2021-06-04T05:00:00+0000,68.01,68.29,67.96,68.21,57
2021-06-04T06:00:00+0000,68.2,68.36,68.18,68.34,32
2021-06-04T07:00:00+0000,68.33,68.53,68.33,68.35,65
2021-06-04T08:00:00+0000,68.42,68.55,68.41,68.49,62
2021-06-04T09:00:00+0000,68.5,68.54,68.4,68.47,31
2021-06-04T10:00:00+0000,68.43,68.43,68.3,68.37,60
2021-06-04T11:00:00+0000,68.38,68.39,68.21,68.27,72
2021-06-04T12:00:00+0000,68.31,68.58,68.29,68.51,235
2021-06-04T13:00:00+0000,68.51,69.02,68.5,68.77,1358
2021-06-04T14:00:00+0000,68.79,68.83,68.24,68.41,829
2021-06-04T15:00:00+0000,68.41,68.57,68.41,68.57,479
2021-06-04T16:00:00+0000,68.59,68.74,68.51,68.67,355
2021-06-04T17:00:00+0000,68.68,68.91,68.68,68.83,337
2021-06-04T18:00:00+0000,68.84,68.92,68.67,68.77,892
2021-06-04T19:00:00+0000,68.76,68.79,68.64,68.65,698
2021-06-04T20:00:00+0000,68.62,68.71,68.57,68.63,59
2021-06-06T22:00:00+0000,68.75,68.87,68.72,68.85,63
2021-06-06T23:00:00+0000,68.88,69.0,68.86,68.97,126
2021-06-07T00:00:00+0000,68.98,69.09,68.95,69.02,106
2021-06-07T01:00:00+0000,69.06,69.26,68.6,68.6,176
2021-06-07T02:00:00+0000,68.59,68.77,68.57,68.67,93
2021-06-07T03:00:00+0000,68.65,68.65,68.52,68.52,32
2021-06-07T04:00:00+0000,68.53,68.7,68.47,68.7,65
2021-06-07T05:00:00+0000,68.64,68.64,68.21,68.32,126
2021-06-07T06:00:00+0000,68.31,68.48,68.3,68.37,181
2021-06-07T07:00:00+0000,68.39,68.58,68.23,68.52,66
2021-06-07T08:00:00+0000,68.48,68.68,68.37,68.45,130
2021-06-07T09:00:00+0000,68.45,68.54,68.31,68.54,64
2021-06-07T10:00:00+0000,68.53,68.57,68.53,68.57,33
2021-06-07T11:00:00+0000,68.59,68.83,68.59,68.75,227
2021-06-07T12:00:00+0000,68.75,68.84,68.68,68.68,302
2021-06-07T13:00:00+0000,68.71,69.05,68.66,68.8,677
2021-06-07T14:00:00+0000,68.77,68.8,68.48,68.5,568
2021-06-07T15:00:00+0000,68.51,68.64,68.35,68.61,702
2021-06-07T16:00:00+0000,68.64,68.83,68.61,68.75,351
2021-06-07T17:00:00+0000,68.76,68.8,68.63,68.68,786
2021-06-07T18:00:00+0000,68.69,68.74,68.48,68.56,2192
2021-06-07T19:00:00+0000,68.57,68.64,68.53,68.58,80
2021-06-07T20:00:00+0000,68.58,68.61,68.55,68.57,86
2021-06-07T22:00:00+0000,68.64,68.64,68.49,68.49,9
2021-06-07T23:00:00+0000,68.47,68.51,68.47,68.48,15
2021-06-08T00:00:00+0000,68.5,68.56,68.36,68.37,60
2021-06-08T01:00:00+0000,68.33,68.33,68.0,68.02,139
2021-06-08T02:00:00+0000,68.08,68.15,68.0,68.0,30
2021-06-08T03:00:00+0000,67.97,68.04,67.87,67.95,69
2021-06-08T04:00:00+0000,67.96,68.04,67.95,68.02,35
2021-06-08T05:00:00+0000,68.03,68.23,68.03,68.17,36
2021-06-08T06:00:00+0000,68.17,68.18,68.11,68.17,107
2021-06-08T07:00:00+0000,68.24,68.28,68.03,68.13,72
2021-06-08T08:00:00+0000,68.13,68.15,67.94,68.12,135
2021-06-08T09:00:00+0000,68.09,68.39,68.09,68.3,129
2021-06-08T10:00:00+0000,68.28,68.28,68.03,68.13,71
2021-06-08T11:00:00+0000,68.1,68.1,67.84,68.04,212
2021-06-08T12:00:00+0000,68.02,68.26,67.97,68.22,291
2021-06-08T13:00:00+0000,68.23,68.75,67.9,68.12,1430
2021-06-08T14:00:00+0000,68.2,69.02,68.18,68.92,1217
2021-06-08T15:00:00+0000,68.93,69.16,68.75,69.13,915
2021-06-08T16:00:00+0000,69.11,69.13,68.9,69.06,405
2021-06-08T17:00:00+0000,69.05,69.24,68.96,69.05,559
2021-06-08T18:00:00+0000,69.05,69.54,69.05,69.53,2175
2021-06-08T19:00:00+0000,69.53,69.56,69.5,69.56,548
2021-06-08T20:00:00+0000,69.55,69.59,69.33,69.34,219
2021-06-08T22:00:00+0000,69.34,69.36,69.28,69.36,33
2021-06-08T23:00:00+0000,69.38,69.39,69.33,69.35,10
2021-06-09T00:00:00+0000,69.36,69.49,69.36,69.49,27
2021-06-09T01:00:00+0000,69.48,69.7,69.48,69.66,90
2021-06-09T02:00:00+0000,69.65,69.89,69.57,69.89,152
2021-06-09T03:00:00+0000,69.88,69.94,69.8,69.83,169
2021-06-09T04:00:00+0000,69.82,69.82,69.73,69.75,27
2021-06-09T05:00:00+0000,69.73,69.81,69.58,69.77,49
2021-06-09T06:00:00+0000,69.75,69.75,69.59,69.73,150
2021-06-09T07:00:00+0000,69.75,69.77,69.62,69.7,63
2021-06-09T08:00:00+0000,69.68,69.91,69.67,69.79,143
2021-06-09T09:00:00+0000,69.79,69.8,69.47,69.62,100
2021-06-09T10:00:00+0000,69.64,69.69,69.48,69.69,72
2021-06-09T11:00:00+0000,69.68,69.77,69.55,69.74,224
2021-06-09T12:00:00+0000,69.75,69.84,69.64,69.65,224
2021-06-09T13:00:00+0000,69.66,69.88,69.58,69.73,1131
2021-06-09T14:00:00+0000,69.76,69.88,69.28,69.28,1252
2021-06-09T15:00:00+0000,69.29,69.54,69.05,69.1,1195
2021-06-09T16:00:00+0000,69.06,69.11,68.84,68.98,571
2021-06-09T17:00:00+0000,68.97,69.14,68.89,69.1,481
2021-06-09T18:00:00+0000,69.1,69.4,69.07,69.14,1294
2021-06-09T19:00:00+0000,69.15,69.15,69.05,69.06,123
2021-06-09T20:00:00+0000,69.05,69.15,69.05,69.12,352
2021-06-09T22:00:00+0000,69.15,69.15,69.07,69.08,7
2021-06-09T23:00:00+0000,69.06,69.1,69.05,69.08,10
2021-06-10T00:00:00+0000,69.09,69.11,69.02,69.05,11
2021-06-10T01:00:00+0000,69.02,69.02,68.68,68.76,149
2021-06-10T02:00:00+0000,68.72,68.8,68.66,68.8,111
2021-06-10T03:00:00+0000,68.8,68.8,68.74,68.8,14
2021-06-10T04:00:00+0000,68.8,68.86,68.79,68.86,19
2021-06-10T05:00:00+0000,68.84,68.93,68.75,68.82,93
2021-06-10T06:00:00+0000,68.83,69.01,68.81,68.97,128
2021-06-10T07:00:00+0000,68.94,69.11,68.84,69.11,170
2021-06-10T08:00:00+0000,69.13,69.33,69.03,69.29,119
2021-06-10T09:00:00+0000,69.31,69.41,69.25,69.39,214
2021-06-10T10:00:00+0000,69.36,69.45,69.33,69.43,107
2021-06-10T11:00:00+0000,69.44,69.47,69.33,69.39,145
2021-06-10T12:00:00+0000,69.35,69.73,69.35,69.57,491
2021-06-10T13:00:00+0000,69.58,69.96,69.56,69.71,845
2021-06-10T14:00:00+0000,69.71,69.75,69.39,69.45,701
2021-06-10T15:00:00+0000,69.42,69.71,69.42,69.6,485
2021-06-10T16:00:00+0000,69.61,69.63,68.05,69.24,3116
2021-06-10T17:00:00+0000,69.24,69.59,69.24,69.54,539
2021-06-10T18:00:00+0000,69.56,69.67,69.47,69.52,1590
2021-06-10T19:00:00+0000,69.51,69.52,69.42,69.44,93
2021-06-10T20:00:00+0000,69.45,69.48,69.35,69.37,106
2021-06-10T22:00:00+0000,69.4,69.44,69.34,69.44,147
2021-06-10T23:00:00+0000,69.42,69.48,69.42,69.46,89
2021-06-11T00:00:00+0000,69.45,69.5,69.33,69.37,71
2021-06-11T01:00:00+0000,69.39,69.49,69.29,69.29,80
2021-06-11T02:00:00+0000,69.26,69.26,68.97,68.97,74
2021-06-11T03:00:00+0000,69.0,69.24,69.0,69.22,36
2021-06-11T04:00:00+0000,69.26,69.37,69.26,69.35,39
2021-06-11T05:00:00+0000,69.33,69.5,69.26,69.5,108
2021-06-11T06:00:00+0000,69.46,69.59,69.44,69.55,140
2021-06-11T07:00:00+0000,69.58,69.7,69.47,69.64,156
2021-06-11T08:00:00+0000,69.64,69.77,69.57,69.75,144
2021-06-11T09:00:00+0000,69.74,69.76,69.63,69.71,229
2021-06-11T10:00:00+0000,69.66,69.8,69.64,69.8,133
2021-06-11T11:00:00+0000,69.78,69.98,69.55,69.62,636
2021-06-11T12:00:00+0000,69.65,69.7,69.33,69.64,865
2021-06-11T13:00:00+0000,69.64,69.78,69.52,69.77,1473
2021-06-11T14:00:00+0000,69.76,69.98,69.66,69.91,1417
2021-06-11T15:00:00+0000,69.94,70.15,69.73,69.94,1590
2021-06-11T16:00:00+0000,69.94,70.07,69.87,70.06,877
2021-06-11T17:00:00+0000,70.06,70.11,69.82,70.01,710
2021-06-11T18:00:00+0000,70.01,70.11,69.79,69.82,1269
2021-06-11T19:00:00+0000,69.82,69.84,69.75,69.83,274
2021-06-11T20:00:00+0000,69.84,69.87,69.79,69.85,139
2021-06-13T22:00:00+0000,69.74,69.95,69.74,69.95,97
2021-06-13T23:00:00+0000,69.93,69.99,69.9,69.97,39
2021-06-14T00:00:00+0000,69.91,69.97,69.8,69.91,92
2021-06-14T01:00:00+0000,69.88,70.17,69.85,70.16,164
2021-06-14T02:00:00+0000,70.14,70.19,70.11,70.19,128
2021-06-14T03:00:00+0000,70.17,70.17,70.1,70.11,48
2021-06-14T04:00:00+0000,70.1,70.22,70.1,70.13,72
2021-06-14T05:00:00+0000,70.13,70.2,70.13,70.17,43
2021-06-14T06:00:00+0000,70.15,70.32,70.11,70.24,299
2021-06-14T07:00:00+0000,70.24,70.5,70.23,70.4,478
2021-06-14T08:00:00+0000,70.4,70.63,70.36,70.58,786
2021-06-14T09:00:00+0000,70.56,70.58,70.36,70.42,345
2021-06-14T10:00:00+0000,70.39,70.44,70.23,70.31,282
2021-06-14T11:00:00+0000,70.35,70.36,70.2,70.24,246
2021-06-14T12:00:00+0000,70.27,70.61,70.25,70.52,750
2021-06-14T13:00:00+0000,70.52,70.65,70.31,70.63,1622
2021-06-14T14:00:00+0000,70.63,70.68,70.44,70.51,1188
2021-06-14T15:00:00+0000,70.5,70.54,70.26,70.4,938
2021-06-14T16:00:00+0000,70.42,70.46,70.05,70.13,811
2021-06-14T17:00:00+0000,70.13,70.17,69.88,69.9,801
2021-06-14T18:00:00+0000,69.88,70.07,69.81,70.0,1205
2021-06-14T19:00:00+0000,69.99,70.16,69.98,70.15,248
2021-06-14T20:00:00+0000,70.15,70.32,70.15,70.28,209
2021-06-14T22:00:00+0000,70.21,70.22,70.18,70.2,12
2021-06-14T23:00:00+0000,70.16,70.17,70.09,70.14,23
2021-06-15T00:00:00+0000,70.13,70.45,70.13,70.32,132
2021-06-15T01:00:00+0000,70.3,70.6,70.23,70.29,351
2021-06-15T02:00:00+0000,70.27,70.27,69.97,70.14,110
2021-06-15T03:00:00+0000,70.1,70.19,69.9,70.19,42
2021-06-15T04:00:00+0000,70.17,70.22,70.17,70.22,24
2021-06-15T05:00:00+0000,70.2,70.33,70.14,70.27,110
2021-06-15T06:00:00+0000,70.23,70.3,70.2,70.28,79
2021-06-15T07:00:00+0000,70.28,70.37,70.14,70.3,165
2021-06-15T08:00:00+0000,70.3,70.33,70.05,70.13,380
2021-06-15T09:00:00+0000,70.15,70.25,70.1,70.25,73
2021-06-15T10:00:00+0000,70.26,70.57,70.25,70.49,222
2021-06-15T11:00:00+0000,70.5,70.92,70.46,70.86,681
2021-06-15T12:00:00+0000,70.86,70.9,70.62,70.73,702
2021-06-15T13:00:00+0000,70.74,71.03,70.61,70.98,1830
2021-06-15T14:00:00+0000,70.99,71.04,70.73,70.82,1224
2021-06-15T15:00:00+0000,70.8,70.89,70.71,70.75,899
2021-06-15T16:00:00+0000,70.75,71.04,70.72,71.04,863
2021-06-15T17:00:00+0000,71.04,71.17,70.93,71.05,1035
2021-06-15T18:00:00+0000,71.05,71.25,71.03,71.23,2037
2021-06-15T19:00:00+0000,71.24,71.3,71.22,71.28,583
2021-06-15T20:00:00+0000,71.26,71.45,71.25,71.41,342
2021-06-15T22:00:00+0000,71.36,71.44,71.34,71.4,66
2021-06-15T23:00:00+0000,71.4,71.45,71.36,71.36,49
2021-06-16T00:00:00+0000,71.37,71.48,71.35,71.48,136
2021-06-16T01:00:00+0000,71.46,71.76,71.46,71.74,439
2021-06-16T02:00:00+0000,71.75,71.75,71.58,71.72,227
2021-06-16T03:00:00+0000,71.71,71.76,71.65,71.71,118
2021-06-16T04:00:00+0000,71.68,71.73,71.63,71.63,108
2021-06-16T05:00:00+0000,71.64,71.67,71.4,71.48,225
2021-06-16T06:00:00+0000,71.48,71.64,71.47,71.5,233
2021-06-16T07:00:00+0000,71.51,71.54,71.37,71.45,232
2021-06-16T08:00:00+0000,71.45,71.48,71.2,71.23,369
2021-06-16T09:00:00+0000,71.24,71.36,71.18,71.3,224
2021-06-16T10:00:00+0000,71.3,71.34,71.15,71.32,228
2021-06-16T11:00:00+0000,71.31,71.48,71.27,71.36,386
2021-06-16T12:00:00+0000,71.36,71.49,71.29,71.39,857
2021-06-16T13:00:00+0000,71.39,71.52,71.0,71.39,2235
2021-06-16T14:00:00+0000,71.38,71.65,71.15,71.4,3051
2021-06-16T15:00:00+0000,71.4,71.99,71.4,71.86,2231
2021-06-16T16:00:00+0000,71.87,71.87,71.21,71.29,1284
2021-06-16T17:00:00+0000,71.3,71.33,71.09,71.14,1049
2021-06-16T18:00:00+0000,71.14,71.39,70.91,71.02,2230
2021-06-16T19:00:00+0000,71.02,71.19,70.93,70.93,936
2021-06-16T20:00:00+0000,70.93,70.99,70.75,70.78,524
2021-06-16T22:00:00+0000,70.79,70.8,70.55,70.61,142
2021-06-16T23:00:00+0000,70.62,70.72,70.6,70.62,97
2021-06-17T00:00:00+0000,70.63,70.79,70.47,70.69,294
2021-06-17T01:00:00+0000,70.68,70.75,70.5,70.55,381
2021-06-17T02:00:00+0000,70.55,70.68,70.54,70.64,193
2021-06-17T03:00:00+0000,70.65,70.91,70.63,70.91,183
2021-06-17T04:00:00+0000,70.9,71.02,70.86,71.01,108
2021-06-17T05:00:00+0000,70.98,71.17,70.97,71.06,239
2021-06-17T06:00:00+0000,71.03,71.03,70.8,70.89,244
2021-06-17T07:00:00+0000,70.89,71.03,70.69,71.0,746
2021-06-17T08:00:00+0000,71.0,71.12,70.85,71.11,323
2021-06-17T09:00:00+0000,71.12,71.39,71.1,71.35,371
2021-06-17T10:00:00+0000,71.35,71.4,70.93,70.93,501
2021-06-17T11:00:00+0000,70.95,71.2,70.88,71.06,531
2021-06-17T12:00:00+0000,71.06,71.12,70.67,70.68,1224
2021-06-17T13:00:00+0000,70.71,71.33,70.6,70.98,2521
2021-06-17T14:00:00+0000,70.99,71.21,70.68,70.77,1794
2021-06-17T15:00:00+0000,70.78,70.84,69.37,69.48,3840
2021-06-17T16:00:00+0000,69.49,69.75,68.86,69.46,4102
2021-06-17T17:00:00+0000,69.46,69.82,69.4,69.74,1874
2021-06-17T18:00:00+0000,69.76,70.12,69.71,70.09,3837
2021-06-17T19:00:00+0000,70.09,70.17,69.95,69.95,780
2021-06-17T20:00:00+0000,69.95,70.02,69.87,70.02,472
2021-06-17T22:00:00+0000,70.03,70.04,69.81,69.97,136
2021-06-17T23:00:00+0000,69.96,69.97,69.82,69.84,137
2021-06-18T00:00:00+0000,69.84,69.96,69.75,69.8,267
2021-06-18T01:00:00+0000,69.79,69.83,69.54,69.58,408
2021-06-18T02:00:00+0000,69.55,69.55,69.32,69.42,452
2021-06-18T03:00:00+0000,69.41,69.42,69.25,69.35,259
2021-06-18T04:00:00+0000,69.36,69.55,69.36,69.5,220
2021-06-18T05:00:00+0000,69.48,69.58,69.32,69.57,412
2021-06-18T06:00:00+0000,69.56,69.75,69.52,69.52,982
2021-06-18T07:00:00+0000,69.52,69.8,69.51,69.63,641
2021-06-18T08:00:00+0000,69.66,69.81,69.41,69.43,750
2021-06-18T09:00:00+0000,69.43,69.83,69.43,69.62,739
2021-06-18T10:00:00+0000,69.62,69.75,69.47,69.6,761
2021-06-18T11:00:00+0000,69.59,69.66,69.39,69.43,696
2021-06-18T12:00:00+0000,69.42,69.43,69.11,69.38,2263
2021-06-18T13:00:00+0000,69.37,70.57,69.32,70.54,5598
2021-06-18T14:00:00+0000,70.54,70.9,70.53,70.65,5368
2021-06-18T15:00:00+0000,70.63,70.76,70.55,70.72,2268
2021-06-18T16:00:00+0000,70.72,70.74,70.32,70.33,2487
2021-06-18T17:00:00+0000,70.34,70.51,70.28,70.49,1729
2021-06-18T18:00:00+0000,70.48,70.5,70.33,70.45,2969
2021-06-18T19:00:00+0000,70.46,70.53,70.4,70.4,561
2021-06-18T20:00:00+0000,70.41,70.43,70.15,70.22,457
2021-06-20T22:00:00+0000,70.26,70.67,70.25,70.64,527
2021-06-20T23:00:00+0000,70.66,70.72,70.53,70.61,410
2021-06-21T00:00:00+0000,70.58,70.85,70.51,70.85,301
2021-06-21T01:00:00+0000,70.85,71.13,70.85,71.01,1060
2021-06-21T02:00:00+0000,71.01,71.13,70.98,71.09,562
2021-06-21T03:00:00+0000,71.1,71.1,70.76,70.82,539
2021-06-21T04:00:00+0000,70.81,70.85,70.63,70.66,192
2021-06-21T05:00:00+0000,70.65,70.72,70.53,70.61,462
2021-06-21T06:00:00+0000,70.64,70.8,70.56,70.58,1135
2021-06-21T07:00:00+0000,70.61,70.78,70.36,70.73,1126
2021-06-21T08:00:00+0000,70.74,70.83,70.51,70.66,1072
2021-06-21T09:00:00+0000,70.65,70.82,70.6,70.6,827
2021-06-21T10:00:00+0000,70.6,70.64,70.44,70.45,982
2021-06-21T11:00:00+0000,70.45,70.67,70.41,70.48,1175
2021-06-21T12:00:00+0000,70.48,70.59,70.2,70.23,1535
2021-06-21T13:00:00+0000,70.22,70.78,69.93,70.67,6950
2021-06-21T14:00:00+0000,70.66,71.62,70.65,71.27,11704
2021-06-21T15:00:00+0000,71.27,71.76,71.12,71.71,5638
2021-06-21T16:00:00+0000,71.71,71.94,71.71,71.84,4161
2021-06-21T17:00:00+0000,71.86,72.1,71.73,72.02,6729
2021-06-21T18:00:00+0000,72.02,72.07,71.76,71.97,7340
2021-06-21T19:00:00+0000,71.98,72.07,71.94,72.04,1169
2021-06-21T20:00:00+0000,72.04,72.06,71.9,71.99,1042
2021-06-21T22:00:00+0000,71.93,71.93,71.77,71.86,217
2021-06-21T23:00:00+0000,71.85,71.95,71.82,71.95,91
2021-06-22T00:00:00+0000,71.95,72.03,71.81,71.83,216
2021-06-22T01:00:00+0000,71.88,72.21,71.86,72.15,664
2021-06-22T02:00:00+0000,72.16,72.2,72.04,72.16,280
2021-06-22T03:00:00+0000,72.17,72.26,72.16,72.17,218
2021-06-22T04:00:00+0000,72.18,72.2,72.12,72.13,183
2021-06-22T05:00:00+0000,72.13,72.17,72.04,72.08,403
2021-06-22T06:00:00+0000,72.09,72.29,72.09,72.22,841
2021-06-22T07:00:00+0000,72.21,72.33,71.58,71.76,1748
2021-06-22T08:00:00+0000,71.76,71.92,71.61,71.65,1052
2021-06-22T09:00:00+0000,71.65,71.71,71.5,71.57,635
2021-06-22T10:00:00+0000,71.56,71.81,71.55,71.57,618
2021-06-22T11:00:00+0000,71.58,71.74,71.56,71.64,696
2021-06-22T12:00:00+0000,71.64,71.92,71.5,71.87,2091
2021-06-22T13:00:00+0000,71.85,72.22,71.68,72.1,5999
2021-06-22T14:00:00+0000,72.1,72.39,71.84,72.04,5768
2021-06-22T15:00:00+0000,72.04,72.07,71.69,71.93,7639
2021-06-22T16:00:00+0000,71.95,72.01,71.74,71.85,4269
2021-06-22T17:00:00+0000,71.86,72.01,71.81,71.92,2677
2021-06-22T18:00:00+0000,71.92,72.17,71.84,72.15,4623
2021-06-22T19:00:00+0000,72.14,72.17,72.03,72.06,2291
2021-06-22T20:00:00+0000,72.05,72.43,72.01,72.27,1250
2021-06-22T22:00:00+0000,72.1,72.11,72.04,72.11,104
2021-06-22T23:00:00+0000,72.11,72.13,72.04,72.04,83
2021-06-23T00:00:00+0000,72.06,72.24,72.01,72.2,176
2021-06-23T01:00:00+0000,72.22,72.4,72.22,72.38,418
2021-06-23T02:00:00+0000,72.37,72.42,72.33,72.38,269
2021-06-23T03:00:00+0000,72.38,72.49,72.37,72.41,294
2021-06-23T04:00:00+0000,72.41,72.5,72.37,72.4,221
2021-06-23T05:00:00+0000,72.42,72.52,72.35,72.52,455
2021-06-23T06:00:00+0000,72.52,72.59,72.45,72.58,1019
2021-06-23T07:00:00+0000,72.57,72.6,72.38,72.52,821
2021-06-23T08:00:00+0000,72.52,72.77,72.47,72.64,2773
2021-06-23T09:00:00+0000,72.64,72.75,72.58,72.65,802
2021-06-23T10:00:00+0000,72.64,72.64,72.47,72.59,459
2021-06-23T11:00:00+0000,72.59,72.69,72.36,72.63,1271
2021-06-23T12:00:00+0000,72.63,72.94,72.52,72.77,2370
2021-06-23T13:00:00+0000,72.78,73.33,72.76,73.0,8755
2021-06-23T14:00:00+0000,73.0,73.23,72.8,72.81,6569
2021-06-23T15:00:00+0000,72.8,72.91,72.69,72.82,4188
2021-06-23T16:00:00+0000,72.81,72.92,72.41,72.41,3273
2021-06-23T17:00:00+0000,72.42,72.6,72.37,72.49,2736
2021-06-23T18:00:00+0000,72.5,72.53,72.25,72.4,4848
2021-06-23T19:00:00+0000,72.38,72.54,72.37,72.49,864
2021-06-23T20:00:00+0000,72.48,72.56,72.48,72.52,926
2021-06-23T22:00:00+0000,72.56,72.59,72.49,72.49,116
2021-06-23T23:00:00+0000,72.48,72.54,72.43,72.43,96
2021-06-24T00:00:00+0000,72.42,72.55,72.42,72.51,121
2021-06-24T01:00:00+0000,72.52,72.52,72.24,72.36,542
2021-06-24T02:00:00+0000,72.37,72.39,72.27,72.3,258
2021-06-24T03:00:00+0000,72.3,72.44,72.26,72.43,330
2021-06-24T04:00:00+0000,72.41,72.45,72.38,72.44,64
2021-06-24T05:00:00+0000,72.45,72.53,72.4,72.49,272
2021-06-24T06:00:00+0000,72.49,72.7,72.48,72.65,610
2021-06-24T07:00:00+0000,72.66,72.75,72.59,72.71,425
2021-06-24T08:00:00+0000,72.73,72.86,72.64,72.77,686
2021-06-24T09:00:00+0000,72.77,72.78,72.41,72.43,744
2021-06-24T10:00:00+0000,72.44,72.47,72.15,72.17,780
2021-06-24T11:00:00+0000,72.17,72.31,72.09,72.17,978
2021-06-24T12:00:00+0000,72.15,72.16,71.64,71.95,2833
2021-06-24T13:00:00+0000,71.95,72.23,71.79,72.12,5153
2021-06-24T14:00:00+0000,72.12,72.63,72.0,72.55,4500
2021-06-24T15:00:00+0000,72.55,72.7,72.34,72.49,4099
2021-06-24T16:00:00+0000,72.51,72.51,72.27,72.37,2553
2021-06-24T17:00:00+0000,72.37,72.57,72.33,72.53,2349
2021-06-24T18:00:00+0000,72.54,72.69,72.43,72.55,3643
2021-06-24T19:00:00+0000,72.55,72.63,72.5,72.61,648
2021-06-24T20:00:00+0000,72.6,72.71,72.6,72.67,353
2021-06-24T22:00:00+0000,72.65,72.66,72.55,72.61,68
2021-06-24T23:00:00+0000,72.59,72.63,72.56,72.62,31
2021-06-25T00:00:00+0000,72.62,72.85,72.6,72.78,298
2021-06-25T01:00:00+0000,72.82,72.93,72.73,72.75,467
2021-06-25T02:00:00+0000,72.77,72.77,72.52,72.59,208
2021-06-25T03:00:00+0000,72.66,72.8,72.65,72.75,84
2021-06-25T04:00:00+0000,72.74,72.74,72.64,72.66,81
2021-06-25T05:00:00+0000,72.67,72.82,72.6,72.82,135
2021-06-25T06:00:00+0000,72.84,72.85,72.58,72.61,357
2021-06-25T07:00:00+0000,72.6,72.84,72.6,72.83,262
2021-06-25T08:00:00+0000,72.85,72.86,72.58,72.58,545
2021-06-25T09:00:00+0000,72.58,72.58,72.26,72.37,1109
2021-06-25T10:00:00+0000,72.36,72.5,72.19,72.45,777
2021-06-25T11:00:00+0000,72.47,72.49,72.39,72.48,392
2021-06-25T12:00:00+0000,72.48,72.84,72.42,72.75,1776
2021-06-25T13:00:00+0000,72.74,72.99,72.66,72.88,5705
2021-06-25T14:00:00+0000,72.88,73.08,72.11,73.01,13083
2021-06-25T15:00:00+0000,72.99,73.29,72.98,73.28,4647
2021-06-25T16:00:00+0000,73.29,73.4,73.2,73.28,3026
2021-06-25T17:00:00+0000,73.3,73.4,73.19,73.25,2316
2021-06-25T18:00:00+0000,73.25,73.35,73.13,73.19,3842
2021-06-25T19:00:00+0000,73.19,73.28,73.17,73.26,561
2021-06-25T20:00:00+0000,73.27,73.32,73.21,73.26,514
2021-06-27T22:00:00+0000,73.27,73.35,73.26,73.31,128
2021-06-27T23:00:00+0000,73.32,73.44,73.3,73.41,164
2021-06-28T00:00:00+0000,73.41,73.6,73.39,73.53,493
2021-06-28T01:00:00+0000,73.53,73.7,73.29,73.3,911
2021-06-28T02:00:00+0000,73.29,73.35,73.19,73.2,429
2021-06-28T03:00:00+0000,73.21,73.27,73.11,73.26,222
2021-06-28T04:00:00+0000,73.27,73.29,73.21,73.29,74
2021-06-28T05:00:00+0000,73.29,73.39,73.24,73.33,367
2021-06-28T06:00:00+0000,73.31,73.47,73.23,73.25,474
2021-06-28T07:00:00+0000,73.28,73.39,73.17,73.19,488
2021-06-28T08:00:00+0000,73.2,73.26,73.06,73.18,688
2021-06-28T09:00:00+0000,73.2,73.43,73.18,73.39,289
2021-06-28T10:00:00+0000,73.41,73.43,73.16,73.22,286
2021-06-28T11:00:00+0000,73.22,73.27,73.18,73.25,320
2021-06-28T12:00:00+0000,73.25,73.33,73.0,73.23,1612
2021-06-28T13:00:00+0000,73.23,73.24,72.33,72.59,8107
2021-06-28T14:00:00+0000,72.59,72.72,72.26,72.69,5344
2021-06-28T15:00:00+0000,72.69,72.72,72.24,72.35,3431
2021-06-28T16:00:00+0000,72.36,72.48,72.05,72.21,4237
2021-06-28T17:00:00+0000,72.2,72.21,71.92,72.09,3255
2021-06-28T18:00:00+0000,72.09,72.36,72.04,72.09,5349
2021-06-28T19:00:00+0000,72.11,72.24,72.09,72.16,977
2021-06-28T20:00:00+0000,72.16,72.17,72.03,72.05,460
2021-06-28T22:00:00+0000,72.04,72.08,71.94,72.0,243
2021-06-28T23:00:00+0000,72.04,72.17,72.04,72.17,105
2021-06-29T00:00:00+0000,72.16,72.2,72.01,72.03,171
2021-06-29T01:00:00+0000,72.02,72.06,71.83,72.02,499
2021-06-29T02:00:00+0000,72.02,72.03,71.86,71.88,194
2021-06-29T03:00:00+0000,71.86,71.9,71.74,71.82,358
2021-06-29T04:00:00+0000,71.81,71.9,71.81,71.89,73
2021-06-29T05:00:00+0000,71.88,72.15,71.86,72.05,465
2021-06-29T06:00:00+0000,72.03,72.1,71.89,71.91,566
2021-06-29T07:00:00+0000,71.9,72.3,71.87,72.22,749
2021-06-29T08:00:00+0000,72.22,72.27,71.35,71.41,1788
2021-06-29T09:00:00+0000,71.41,71.95,71.28,71.86,1699
2021-06-29T10:00:00+0000,71.85,72.05,71.71,71.9,831
2021-06-29T11:00:00+0000,71.91,72.28,71.62,72.21,1653
2021-06-29T12:00:00+0000,72.21,72.65,72.2,72.65,2330
2021-06-29T13:00:00+0000,72.65,73.07,72.47,72.72,6668
2021-06-29T14:00:00+0000,72.73,72.74,72.49,72.64,2980
2021-06-29T15:00:00+0000,72.65,72.74,72.42,72.58,2704
2021-06-29T16:00:00+0000,72.58,72.64,72.19,72.19,2133
2021-06-29T17:00:00+0000,72.2,72.48,72.16,72.16,1888
2021-06-29T18:00:00+0000,72.17,72.49,72.05,72.48,2872
2021-06-29T19:00:00+0000,72.48,72.75,72.46,72.69,629
2021-06-29T20:00:00+0000,72.71,72.78,72.59,72.72,550
2021-06-29T22:00:00+0000,72.77,72.77,72.66,72.66,84
2021-06-29T23:00:00+0000,72.67,72.76,72.67,72.74,123
2021-06-30T00:00:00+0000,72.73,72.87,72.73,72.86,170
2021-06-30T01:00:00+0000,72.83,72.88,72.72,72.81,443
2021-06-30T02:00:00+0000,72.83,72.85,72.74,72.75,142
2021-06-30T03:00:00+0000,72.78,72.79,72.64,72.69,154
2021-06-30T04:00:00+0000,72.69,72.8,72.69,72.8,67
2021-06-30T05:00:00+0000,72.79,72.81,72.56,72.56,128
2021-06-30T06:00:00+0000,72.55,72.73,72.53,72.6,474
2021-06-30T07:00:00+0000,72.61,72.66,72.43,72.43,377
2021-06-30T08:00:00+0000,72.43,72.58,72.1,72.53,1112
2021-06-30T09:00:00+0000,72.53,73.03,72.49,73.02,1153
2021-06-30T10:00:00+0000,73.01,73.26,72.94,73.26,1158
2021-06-30T11:00:00+0000,73.27,73.32,73.0,73.07,1213
2021-06-30T12:00:00+0000,73.06,73.37,72.98,73.17,1473
2021-06-30T13:00:00+0000,73.17,73.23,72.63,72.95,4974
2021-06-30T14:00:00+0000,72.97,73.45,72.53,72.55,6350
2021-06-30T15:00:00+0000,72.54,72.77,72.31,72.63,4647
2021-06-30T16:00:00+0000,72.63,73.21,72.63,73.16,2991
2021-06-30T17:00:00+0000,73.15,73.31,72.95,73.01,2624
2021-06-30T18:00:00+0000,73.01,73.02,72.67,72.82,4358
2021-06-30T19:00:00+0000,72.83,72.85,72.76,72.79,867
2021-06-30T20:00:00+0000,72.79,72.86,72.73,72.74,535
2021-06-30T22:00:00+0000,72.78,72.87,72.78,72.85,124
2021-06-30T23:00:00+0000,72.84,72.84,72.74,72.78,73
2021-07-01T00:00:00+0000,72.78,72.84,72.7,72.76,292
2021-07-01T01:00:00+0000,72.73,72.95,72.66,72.91,308
2021-07-01T02:00:00+0000,72.93,73.15,72.9,73.12,317
2021-07-01T03:00:00+0000,73.1,73.1,72.89,72.95,186
2021-07-01T04:00:00+0000,72.95,72.95,72.86,72.88,83
2021-07-01T05:00:00+0000,72.88,72.91,72.78,72.86,104
2021-07-01T06:00:00+0000,72.86,73.0,72.86,72.93,326
2021-07-01T07:00:00+0000,72.95,73.47,72.94,73.32,1823
2021-07-01T08:00:00+0000,73.33,73.8,73.27,73.75,3102
2021-07-01T09:00:00+0000,73.76,73.8,73.37,73.46,2392
2021-07-01T10:00:00+0000,73.44,74.3,73.28,74.26,4792
2021-07-01T11:00:00+0000,74.26,74.73,74.1,74.63,6506
2021-07-01T12:00:00+0000,74.65,74.97,74.45,74.93,7572
2021-07-01T13:00:00+0000,74.92,75.23,74.75,74.87,11147
2021-07-01T14:00:00+0000,74.87,74.97,74.02,74.21,10654
2021-07-01T15:00:00+0000,74.2,74.29,73.75,74.03,6511
2021-07-01T16:00:00+0000,74.02,74.43,73.96,74.31,3667
2021-07-01T17:00:00+0000,74.3,74.71,73.95,73.98,7023
2021-07-01T18:00:00+0000,73.98,74.51,73.82,74.14,8677
2021-07-01T19:00:00+0000,74.15,74.15,73.81,74.07,1399
2021-07-01T20:00:00+0000,74.07,74.09,74.0,74.05,460
2021-07-01T22:00:00+0000,74.07,74.14,74.06,74.13,124
2021-07-01T23:00:00+0000,74.12,74.2,74.1,74.12,99
2021-07-02T00:00:00+0000,74.11,74.29,74.09,74.29,221
2021-07-02T01:00:00+0000,74.3,74.41,74.21,74.33,440
2021-07-02T02:00:00+0000,74.37,74.6,74.35,74.46,493
2021-07-02T03:00:00+0000,74.46,74.51,74.31,74.34,214
2021-07-02T04:00:00+0000,74.32,74.33,74.26,74.27,98
2021-07-02T05:00:00+0000,74.27,74.39,74.17,74.27,249
2021-07-02T06:00:00+0000,74.28,74.29,74.12,74.26,621
2021-07-02T07:00:00+0000,74.21,74.32,74.09,74.32,731
2021-07-02T08:00:00+0000,74.33,74.4,74.01,74.34,1145
2021-07-02T09:00:00+0000,74.31,74.33,74.08,74.23,593
2021-07-02T10:00:00+0000,74.23,74.35,74.11,74.2,618
2021-07-02T11:00:00+0000,74.22,74.24,73.87,73.87,1250
2021-07-02T12:00:00+0000,73.89,74.57,73.74,74.46,3758
2021-07-02T13:00:00+0000,74.47,74.67,73.77,73.98,7243
2021-07-02T14:00:00+0000,73.98,74.12,73.57,74.02,5000
2021-07-02T15:00:00+0000,74.03,74.42,73.99,74.25,3825
2021-07-02T16:00:00+0000,74.26,74.3,74.01,74.29,3902
2021-07-02T17:00:00+0000,74.3,74.4,74.11,74.18,3937
2021-07-02T18:00:00+0000,74.17,74.55,74.12,74.54,7655
2021-07-02T19:00:00+0000,74.54,74.67,74.39,74.42,1294
2021-07-02T20:00:00+0000,74.44,74.46,74.22,74.32,478
2021-07-04T22:00:00+0000,74.43,74.47,74.17,74.41,241
2021-07-04T23:00:00+0000,74.4,74.4,74.31,74.33,33
2021-07-05T00:00:00+0000,74.34,74.34,74.06,74.18,150
2021-07-05T01:00:00+0000,74.17,74.21,73.95,74.19,709
2021-07-05T02:00:00+0000,74.16,74.32,74.14,74.24,391
2021-07-05T03:00:00+0000,74.24,74.3,74.22,74.25,90
2021-07-05T04:00:00+0000,74.23,74.31,74.23,74.29,27
2021-07-05T05:00:00+0000,74.29,74.41,74.25,74.41,202
2021-07-05T06:00:00+0000,74.43,74.57,74.38,74.55,646
2021-07-05T07:00:00+0000,74.57,74.63,74.4,74.43,765
2021-07-05T08:00:00+0000,74.41,74.59,74.41,74.59,726
2021-07-05T09:00:00+0000,74.59,74.72,74.55,74.64,777
2021-07-05T10:00:00+0000,74.65,74.67,74.5,74.64,499
2021-07-05T11:00:00+0000,74.63,74.75,74.63,74.67,319
2021-07-05T12:00:00+0000,74.67,74.68,74.48,74.49,755
2021-07-05T13:00:00+0000,74.52,74.62,74.35,74.4,1326
2021-07-05T14:00:00+0000,74.39,74.46,74.21,74.29,1541
2021-07-05T15:00:00+0000,74.3,75.18,74.22,75.11,6426
2021-07-05T16:00:00+0000,75.12,75.5,75.1,75.46,3078
2021-07-05T22:00:00+0000,75.46,75.5,75.19,75.34,693
2021-07-05T23:00:00+0000,75.36,75.45,75.35,75.36,165
2021-07-06T00:00:00+0000,75.37,75.56,75.37,75.53,466
2021-07-06T01:00:00+0000,75.54,75.83,75.54,75.77,1110
2021-07-06T02:00:00+0000,75.76,75.87,75.68,75.72,459
2021-07-06T03:00:00+0000,75.72,75.84,75.68,75.8,247
2021-07-06T04:00:00+0000,75.8,75.83,75.73,75.81,151
2021-07-06T05:00:00+0000,75.81,75.84,75.6,75.65,565
2021-07-06T06:00:00+0000,75.66,75.86,75.66,75.69,1045
2021-07-06T07:00:00+0000,75.7,76.07,75.67,76.03,2864
2021-07-06T08:00:00+0000,76.03,76.04,75.54,75.73,2510
2021-07-06T09:00:00+0000,75.74,75.88,75.42,75.49,1289
2021-07-06T10:00:00+0000,75.49,75.67,75.47,75.62,982
2021-07-06T11:00:00+0000,75.62,75.7,74.94,75.07,2376
2021-07-06T12:00:00+0000,75.06,75.24,74.59,74.67,4527
2021-07-06T13:00:00+0000,74.67,74.71,73.44,74.18,17754
2021-07-06T14:00:00+0000,74.18,74.18,72.99,73.14,11097
2021-07-06T15:00:00+0000,73.15,73.34,72.47,72.71,10317
2021-07-06T16:00:00+0000,72.71,72.71,72.16,72.47,6428
2021-07-06T17:00:00+0000,72.47,72.76,72.35,72.69,3717
2021-07-06T18:00:00+0000,72.7,72.79,72.39,72.74,4639
2021-07-06T19:00:00+0000,72.74,73.03,72.65,72.98,1659
2021-07-06T20:00:00+0000,72.98,73.02,72.89,73.02,427
2021-07-06T22:00:00+0000,73.0,73.05,72.86,72.87,101
2021-07-06T23:00:00+0000,72.89,72.89,72.78,72.81,173
2021-07-07T00:00:00+0000,72.78,73.02,72.74,72.79,469
2021-07-07T01:00:00+0000,72.79,72.84,72.45,72.49,1380
2021-07-07T02:00:00+0000,72.49,72.69,72.38,72.38,560
2021-07-07T03:00:00+0000,72.38,72.65,72.36,72.63,568
2021-07-07T04:00:00+0000,72.63,72.71,72.63,72.66,129
2021-07-07T05:00:00+0000,72.64,72.85,72.62,72.78,612
2021-07-07T06:00:00+0000,72.78,73.02,72.74,72.88,702
2021-07-07T07:00:00+0000,72.94,73.53,72.93,73.2,1968
2021-07-07T08:00:00+0000,73.21,73.38,73.08,73.23,1042
2021-07-07T09:00:00+0000,73.28,73.99,73.28,73.95,1419
2021-07-07T10:00:00+0000,73.94,74.05,73.7,73.77,1114
2021-07-07T11:00:00+0000,73.79,74.06,73.7,73.78,1660
2021-07-07T12:00:00+0000,73.78,73.82,72.16,72.93,9316
2021-07-07T13:00:00+0000,72.94,73.39,72.49,72.62,6911
2021-07-07T14:00:00+0000,72.62,72.62,70.44,71.29,23046
2021-07-07T15:00:00+0000,71.28,71.65,70.77,70.87,8823
2021-07-07T16:00:00+0000,70.86,71.58,70.8,71.43,4124
2021-07-07T17:00:00+0000,71.43,71.55,71.2,71.34,2289
2021-07-07T18:00:00+0000,71.33,71.67,71.25,71.38,5068
2021-07-07T19:00:00+0000,71.38,71.42,71.09,71.16,937
2021-07-07T20:00:00+0000,71.16,71.59,71.08,71.43,613
2021-07-07T22:00:00+0000,71.55,71.66,71.47,71.54,330
2021-07-07T23:00:00+0000,71.53,71.57,71.4,71.42,90
2021-07-08T00:00:00+0000,71.45,71.61,71.18,71.28,450
2021-07-08T01:00:00+0000,71.29,71.29,70.96,71.02,709
2021-07-08T02:00:00+0000,71.01,71.22,70.95,71.16,571
2021-07-08T03:00:00+0000,71.14,71.49,71.11,71.41,407
2021-07-08T04:00:00+0000,71.42,71.5,71.35,71.35,154
2021-07-08T05:00:00+0000,71.31,71.48,71.26,71.31,396
2021-07-08T06:00:00+0000,71.3,71.39,71.07,71.15,879
2021-07-08T07:00:00+0000,71.16,71.35,70.64,70.69,2063
2021-07-08T08:00:00+0000,70.7,70.7,70.1,70.37,3084
2021-07-08T09:00:00+0000,70.36,71.03,70.19,70.76,2234
2021-07-08T10:00:00+0000,70.75,71.07,70.55,71.07,1759
2021-07-08T11:00:00+0000,71.07,71.33,70.85,70.86,1925
2021-07-08T12:00:00+0000,70.86,71.52,70.69,71.21,3098
2021-07-08T13:00:00+0000,71.23,71.41,70.59,71.02,7072
2021-07-08T14:00:00+0000,70.99,71.51,70.84,71.03,6742
2021-07-08T15:00:00+0000,71.04,72.02,71.0,71.77,9354
2021-07-08T16:00:00+0000,71.79,72.12,71.63,72.02,5220
2021-07-08T17:00:00+0000,72.03,72.08,71.61,71.9,3149
2021-07-08T18:00:00+0000,71.9,72.39,71.81,72.29,4888
2021-07-08T19:00:00+0000,72.28,72.43,72.21,72.38,1587
2021-07-08T20:00:00+0000,72.39,72.51,72.35,72.49,1139
2021-07-08T22:00:00+0000,72.51,72.61,72.4,72.4,269
2021-07-08T23:00:00+0000,72.42,72.53,72.41,72.48,403
2021-07-09T00:00:00+0000,72.47,72.7,72.43,72.53,914
2021-07-09T01:00:00+0000,72.51,72.51,72.06,72.08,1488
2021-07-09T02:00:00+0000,72.08,72.26,71.97,72.24,474
2021-07-09T03:00:00+0000,72.25,72.35,72.19,72.23,765
2021-07-09T04:00:00+0000,72.23,72.41,72.19,72.35,277
2021-07-09T05:00:00+0000,72.37,72.52,72.31,72.36,460
2021-07-09T06:00:00+0000,72.37,72.63,72.31,72.39,782
2021-07-09T07:00:00+0000,72.4,72.75,72.34,72.6,937
2021-07-09T08:00:00+0000,72.61,73.0,72.6,72.89,1456
2021-07-09T09:00:00+0000,72.9,73.16,72.84,73.11,1587
2021-07-09T10:00:00+0000,73.08,73.14,72.83,73.08,1316
2021-07-09T11:00:00+0000,73.06,73.13,72.9,72.94,1587
2021-07-09T12:00:00+0000,72.98,73.22,72.59,72.95,2831
2021-07-09T13:00:00+0000,72.97,73.58,72.9,73.52,6357
2021-07-09T14:00:00+0000,73.54,73.9,73.53,73.83,6754
2021-07-09T15:00:00+0000,73.84,73.98,73.69,73.76,4562
2021-07-09T16:00:00+0000,73.77,73.83,73.48,73.78,2890
2021-07-09T17:00:00+0000,73.77,73.9,73.6,73.75,2103
2021-07-09T18:00:00+0000,73.76,73.92,73.67,73.84,7257
2021-07-09T19:00:00+0000,73.85,73.93,73.79,73.85,927
2021-07-09T20:00:00+0000,73.84,73.93,73.82,73.85,390
2021-07-11T22:00:00+0000,73.92,74.15,73.87,74.02,448
2021-07-11T23:00:00+0000,74.0,74.0,73.87,73.93,137
2021-07-12T00:00:00+0000,73.91,74.0,73.79,73.92,439
2021-07-12T01:00:00+0000,73.94,74.01,73.73,73.73,821
2021-07-12T02:00:00+0000,73.75,73.82,73.68,73.76,311
2021-07-12T03:00:00+0000,73.78,73.83,73.64,73.67,567
2021-07-12T04:00:00+0000,73.67,73.77,73.64,73.76,212
2021-07-12T05:00:00+0000,73.77,73.77,73.41,73.59,919
2021-07-12T06:00:00+0000,73.59,73.64,73.39,73.45,981
2021-07-12T07:00:00+0000,73.46,73.56,73.14,73.15,2213
2021-07-12T08:00:00+0000,73.16,73.41,73.05,73.05,2695
2021-07-12T09:00:00+0000,73.06,73.1,72.65,72.72,3138
2021-07-12T10:00:00+0000,72.74,72.78,72.45,72.45,2269
2021-07-12T11:00:00+0000,72.45,73.02,72.45,72.84,1983
2021-07-12T12:00:00+0000,72.84,73.06,72.51,72.87,5107
2021-07-12T13:00:00+0000,72.86,73.1,72.53,72.62,7344
2021-07-12T14:00:00+0000,72.61,73.42,72.52,73.22,6648
2021-07-12T15:00:00+0000,73.24,73.52,73.08,73.41,3353
2021-07-12T16:00:00+0000,73.43,73.51,73.21,73.22,2556
2021-07-12T17:00:00+0000,73.22,73.29,72.98,73.11,2641
2021-07-12T18:00:00+0000,73.12,73.64,73.05,73.55,8313
2021-07-12T19:00:00+0000,73.55,73.62,73.44,73.51,1014
2021-07-12T20:00:00+0000,73.51,73.52,73.44,73.51,421
2021-07-12T22:00:00+0000,73.51,73.53,73.43,73.49,240
2021-07-12T23:00:00+0000,73.49,73.59,73.47,73.59,200
2021-07-13T00:00:00+0000,73.57,73.72,73.51,73.71,489
2021-07-13T01:00:00+0000,73.71,73.76,73.54,73.64,581
2021-07-13T02:00:00+0000,73.65,73.66,73.47,73.64,709
2021-07-13T03:00:00+0000,73.64,73.67,73.61,73.64,263
2021-07-13T04:00:00+0000,73.63,73.68,73.61,73.68,153
2021-07-13T05:00:00+0000,73.67,73.7,73.53,73.56,633
2021-07-13T06:00:00+0000,73.57,73.81,73.57,73.75,1043
2021-07-13T07:00:00+0000,73.76,73.93,73.64,73.88,1694
2021-07-13T08:00:00+0000,73.88,74.06,73.81,74.01,2021
2021-07-13T09:00:00+0000,74.02,74.03,73.76,73.8,1682
2021-07-13T10:00:00+0000,73.81,73.89,73.55,73.56,1285
2021-07-13T11:00:00+0000,73.55,73.77,73.38,73.68,2132
2021-07-13T12:00:00+0000,73.66,73.87,73.07,73.11,4436
2021-07-13T13:00:00+0000,73.12,73.97,73.11,73.67,12543
2021-07-13T14:00:00+0000,73.68,73.79,73.29,73.64,7295
2021-07-13T15:00:00+0000,73.63,74.31,73.54,74.27,8710
2021-07-13T16:00:00+0000,74.28,74.81,74.28,74.66,10037
2021-07-13T17:00:00+0000,74.68,74.9,74.47,74.65,5975
2021-07-13T18:00:00+0000,74.65,74.85,74.61,74.62,8175
2021-07-13T19:00:00+0000,74.63,74.76,74.62,74.71,1611
2021-07-13T20:00:00+0000,74.71,74.78,74.45,74.67,1272
2021-07-13T22:00:00+0000,74.58,74.61,74.5,74.56,493
2021-07-13T23:00:00+0000,74.56,74.58,74.43,74.44,325
2021-07-14T00:00:00+0000,74.44,74.5,74.38,74.4,962
2021-07-14T01:00:00+0000,74.4,74.63,74.31,74.53,962
2021-07-14T02:00:00+0000,74.53,74.53,74.4,74.45,1016
2021-07-14T03:00:00+0000,74.46,74.51,74.33,74.37,523
2021-07-14T04:00:00+0000,74.39,74.42,74.33,74.34,222
2021-07-14T05:00:00+0000,74.34,74.61,74.32,74.55,1111
2021-07-14T06:00:00+0000,74.55,74.67,74.47,74.63,1149
2021-07-14T07:00:00+0000,74.63,74.77,74.44,74.48,1861
2021-07-14T08:00:00+0000,74.49,74.49,74.18,74.29,2124
2021-07-14T09:00:00+0000,74.31,74.32,74.08,74.14,2141
2021-07-14T10:00:00+0000,74.13,74.3,74.0,74.18,2055
2021-07-14T11:00:00+0000,74.17,74.64,73.54,74.44,11514
2021-07-14T12:00:00+0000,74.42,74.89,74.37,74.82,4891
2021-07-14T13:00:00+0000,74.83,74.86,74.11,74.12,10423
2021-07-14T14:00:00+0000,74.12,74.38,74.02,74.2,10709
2021-07-14T15:00:00+0000,74.21,74.3,72.93,73.05,27043
2021-07-14T16:00:00+0000,73.06,73.35,72.59,72.69,18746
2021-07-14T17:00:00+0000,72.68,72.8,71.7,72.62,21459
2021-07-14T18:00:00+0000,72.6,72.8,72.15,72.33,17781
2021-07-14T19:00:00+0000,72.33,72.39,72.18,72.29,2464
2021-07-14T20:00:00+0000,72.3,72.5,72.19,72.43,1325
2021-07-14T22:00:00+0000,72.43,72.48,72.29,72.34,669
2021-07-14T23:00:00+0000,72.33,72.34,72.24,72.31,573
2021-07-15T00:00:00+0000,72.3,72.37,72.02,72.03,1952
2021-07-15T01:00:00+0000,72.03,72.03,71.53,71.67,5007
2021-07-15T02:00:00+0000,71.65,72.02,71.62,71.86,1939
2021-07-15T03:00:00+0000,71.86,72.04,71.83,72.01,1236
2021-07-15T04:00:00+0000,72.01,72.04,71.95,72.0,396
2021-07-15T05:00:00+0000,71.99,72.08,71.95,71.96,1060
2021-07-15T06:00:00+0000,71.97,71.99,71.45,71.65,4743
2021-07-15T07:00:00+0000,71.66,71.71,71.22,71.48,5244
2021-07-15T08:00:00+0000,71.48,72.15,71.24,71.97,6230
2021-07-15T09:00:00+0000,71.97,72.19,71.91,72.1,2430
2021-07-15T10:00:00+0000,72.1,72.14,71.32,71.37,4742
2021-07-15T11:00:00+0000,71.38,71.52,71.13,71.41,4894
2021-07-15T12:00:00+0000,71.4,71.7,71.27,71.66,5723
2021-07-15T13:00:00+0000,71.66,71.9,71.02,71.75,26286
2021-07-15T14:00:00+0000,71.74,72.1,71.67,72.08,14123
2021-07-15T15:00:00+0000,72.09,72.45,72.01,72.27,14201
2021-07-15T16:00:00+0000,72.27,72.34,72.02,72.05,10858
2021-07-15T17:00:00+0000,72.05,72.1,71.67,71.72,10465
2021-07-15T18:00:00+0000,71.71,71.84,71.23,71.33,15687
2021-07-15T19:00:00+0000,71.33,71.37,71.08,71.22,4047
2021-07-15T20:00:00+0000,71.21,71.26,71.15,71.18,1693
2021-07-15T22:00:00+0000,71.21,71.25,71.04,71.15,1455
2021-07-15T23:00:00+0000,71.14,71.19,71.07,71.1,662
2021-07-16T00:00:00+0000,71.09,71.33,71.04,71.26,2513
2021-07-16T01:00:00+0000,71.25,71.46,71.21,71.38,4485
2021-07-16T02:00:00+0000,71.38,71.51,71.28,71.35,3043
2021-07-16T03:00:00+0000,71.35,71.42,71.27,71.31,1725
2021-07-16T04:00:00+0000,71.3,71.44,71.29,71.41,1268
2021-07-16T05:00:00+0000,71.41,71.44,71.12,71.24,4217
2021-07-16T06:00:00+0000,71.24,71.25,70.87,71.07,6009
2021-07-16T07:00:00+0000,71.06,71.38,71.01,71.37,7661
2021-07-16T08:00:00+0000,71.37,71.82,71.24,71.8,10964
2021-07-16T09:00:00+0000,71.8,72.01,71.65,71.78,8111
2021-07-16T10:00:00+0000,71.78,71.79,71.38,71.44,7429
2021-07-16T11:00:00+0000,71.44,71.64,71.32,71.53,7331
2021-07-16T12:00:00+0000,71.54,71.99,71.43,71.84,11543
2021-07-16T13:00:00+0000,71.84,72.04,71.09,71.26,34452
2021-07-16T14:00:00+0000,71.27,71.27,70.16,70.86,57455
2021-07-16T15:00:00+0000,70.86,71.91,70.72,71.72,37812
2021-07-16T16:00:00+0000,71.74,71.86,71.42,71.64,16651
2021-07-16T17:00:00+0000,71.64,72.0,71.62,71.62,13634
2021-07-16T18:00:00+0000,71.62,71.78,71.34,71.38,19566
2021-07-16T19:00:00+0000,71.38,71.41,71.18,71.36,5325
2021-07-16T20:00:00+0000,71.35,71.37,71.07,71.17,2491
2021-07-18T22:00:00+0000,71.09,71.4,70.68,71.3,6755
2021-07-18T23:00:00+0000,71.3,71.33,71.02,71.14,2144
2021-07-19T00:00:00+0000,71.14,71.14,70.56,70.7,6865
2021-07-19T01:00:00+0000,70.7,70.94,70.4,70.48,10983
2021-07-19T02:00:00+0000,70.48,70.59,70.34,70.54,5240
2021-07-19T03:00:00+0000,70.53,70.77,70.51,70.76,3857
2021-07-19T04:00:00+0000,70.77,71.15,70.67,70.9,5849
2021-07-19T05:00:00+0000,70.91,70.94,70.67,70.87,4690
2021-07-19T06:00:00+0000,70.88,70.98,70.75,70.77,4618
2021-07-19T07:00:00+0000,70.77,70.81,70.22,70.56,13061
2021-07-19T08:00:00+0000,70.56,70.66,69.34,69.61,32204
2021-07-19T09:00:00+0000,69.6,69.95,69.53,69.8,13473
2021-07-19T10:00:00+0000,69.8,69.84,69.4,69.58,11256
2021-07-19T11:00:00+0000,69.58,69.68,68.68,68.88,23588
2021-07-19T12:00:00+0000,68.88,69.23,68.64,69.11,32945
2021-07-19T13:00:00+0000,69.11,69.28,67.8,67.93,77237
2021-07-19T14:00:00+0000,67.93,68.02,66.92,66.94,88956
2021-07-19T15:00:00+0000,66.93,67.35,66.63,67.18,67510
2021-07-19T16:00:00+0000,67.18,67.18,66.07,66.26,46603
2021-07-19T17:00:00+0000,66.25,66.49,65.72,66.24,46800
2021-07-19T18:00:00+0000,66.24,66.47,65.8,65.92,41189
2021-07-19T19:00:00+0000,65.91,66.35,65.56,66.33,17435
2021-07-19T20:00:00+0000,66.32,66.63,66.27,66.53,5373
2021-07-19T22:00:00+0000,66.61,66.7,66.48,66.67,2818
2021-07-19T23:00:00+0000,66.67,66.92,66.64,66.89,2751
2021-07-20T00:00:00+0000,66.89,66.97,66.7,66.8,5039
2021-07-20T01:00:00+0000,66.78,67.0,66.66,66.79,9547
2021-07-20T02:00:00+0000,66.78,66.8,66.36,66.48,7555
2021-07-20T03:00:00+0000,66.47,66.77,66.44,66.52,4247
2021-07-20T04:00:00+0000,66.51,66.63,66.39,66.51,2683
2021-07-20T05:00:00+0000,66.51,66.8,66.45,66.76,3935
2021-07-20T06:00:00+0000,66.76,67.26,66.75,67.14,10660
2021-07-20T07:00:00+0000,67.14,67.29,66.86,67.12,16808
2021-07-20T08:00:00+0000,67.11,67.25,66.13,66.35,27278
2021-07-20T09:00:00+0000,66.35,66.82,66.28,66.43,15369
2021-07-20T10:00:00+0000,66.43,66.7,66.14,66.43,14322
2021-07-20T11:00:00+0000,66.44,66.93,66.08,66.46,20163
2021-07-20T12:00:00+0000,66.46,66.64,65.6,65.76,29254
2021-07-20T13:00:00+0000,65.75,66.32,65.01,66.16,78322
2021-07-20T14:00:00+0000,66.15,66.95,66.09,66.84,52443
2021-07-20T15:00:00+0000,66.84,67.22,66.71,67.2,38474
2021-07-20T16:00:00+0000,67.2,67.21,66.7,67.02,21999
2021-07-20T17:00:00+0000,67.02,67.06,66.79,66.99,15211
2021-07-20T18:00:00+0000,67.0,67.48,66.96,67.42,31586
2021-07-20T19:00:00+0000,67.42,67.61,67.39,67.4,7603
2021-07-20T20:00:00+0000,67.41,67.53,66.39,66.41,8749
2021-07-20T22:00:00+0000,66.45,66.79,66.44,66.67,2335
2021-07-20T23:00:00+0000,66.67,66.87,66.65,66.76,1772
2021-07-21T00:00:00+0000,66.75,66.97,66.71,66.9,3584
2021-07-21T01:00:00+0000,66.91,67.04,66.77,66.87,5351
2021-07-21T02:00:00+0000,66.87,66.88,66.55,66.59,5684
2021-07-21T03:00:00+0000,66.59,66.74,66.5,66.73,3769
2021-07-21T04:00:00+0000,66.72,66.85,66.66,66.7,2153
2021-07-21T05:00:00+0000,66.7,66.96,66.69,66.92,3423
2021-07-21T06:00:00+0000,66.92,67.06,66.79,66.98,5551
2021-07-21T07:00:00+0000,66.97,67.64,66.83,67.54,14307
2021-07-21T08:00:00+0000,67.55,68.21,67.38,68.07,22034
2021-07-21T09:00:00+0000,68.07,68.14,67.79,67.96,11349
2021-07-21T10:00:00+0000,67.97,68.24,67.87,68.16,7750
2021-07-21T11:00:00+0000,68.15,68.32,67.93,68.03,12213
2021-07-21T12:00:00+0000,68.02,68.5,67.92,68.35,21226
2021-07-21T13:00:00+0000,68.35,69.35,68.19,69.29,57012
2021-07-21T14:00:00+0000,69.3,69.93,69.02,69.82,74010
2021-07-21T15:00:00+0000,69.83,70.36,69.52,70.31,44689
2021-07-21T16:00:00+0000,70.32,70.46,70.06,70.41,30955
2021-07-21T17:00:00+0000,70.41,70.51,70.23,70.33,20198
2021-07-21T18:00:00+0000,70.34,70.43,70.12,70.13,23646
2021-07-21T19:00:00+0000,70.13,70.34,70.12,70.19,5789
2021-07-21T20:00:00+0000,70.19,70.32,70.17,70.22,3138
2021-07-21T22:00:00+0000,70.22,70.34,70.18,70.25,1075
2021-07-21T23:00:00+0000,70.25,70.3,70.2,70.25,865
2021-07-22T00:00:00+0000,70.25,70.37,70.2,70.35,2712
2021-07-22T01:00:00+0000,70.34,70.36,70.03,70.16,7597
2021-07-22T02:00:00+0000,70.16,70.17,69.94,69.95,3939
2021-07-22T03:00:00+0000,69.96,70.08,69.9,70.02,3568
2021-07-22T04:00:00+0000,70.04,70.07,69.94,69.97,1496
2021-07-22T05:00:00+0000,69.97,70.28,69.86,70.18,5714
2021-07-22T06:00:00+0000,70.18,70.36,70.15,70.25,5150
2021-07-22T07:00:00+0000,70.27,70.45,70.07,70.17,8675
2021-07-22T08:00:00+0000,70.18,70.94,70.08,70.76,19235
2021-07-22T09:00:00+0000,70.77,71.16,70.68,71.1,11041
2021-07-22T10:00:00+0000,71.1,71.16,70.87,71.1,7968
2021-07-22T11:00:00+0000,71.1,71.12,70.62,70.91,11921
2021-07-22T12:00:00+0000,70.92,70.92,70.13,70.34,24918
2021-07-22T13:00:00+0000,70.34,70.95,70.17,70.58,57496
2021-07-22T14:00:00+0000,70.58,70.94,70.38,70.47,32749
2021-07-22T15:00:00+0000,70.48,71.15,70.48,71.11,27721
2021-07-22T16:00:00+0000,71.1,71.6,71.09,71.49,28897
2021-07-22T17:00:00+0000,71.49,71.81,71.31,71.8,20761
2021-07-22T18:00:00+0000,71.81,72.03,71.62,71.78,27786
2021-07-22T19:00:00+0000,71.79,71.83,71.65,71.68,5053
2021-07-22T20:00:00+0000,71.68,71.83,71.65,71.71,2836
2021-07-22T22:00:00+0000,71.71,71.82,71.65,71.75,1415
2021-07-22T23:00:00+0000,71.76,71.76,71.65,71.71,853
2021-07-23T00:00:00+0000,71.71,71.94,71.66,71.91,2752
2021-07-23T01:00:00+0000,71.91,71.93,71.71,71.81,4512
2021-07-23T02:00:00+0000,71.82,71.82,71.61,71.66,4480
2021-07-23T03:00:00+0000,71.67,71.71,71.46,71.67,3937
2021-07-23T04:00:00+0000,71.67,71.7,71.57,71.66,1574
2021-07-23T05:00:00+0000,71.66,71.75,71.51,71.54,3390
2021-07-23T06:00:00+0000,71.54,71.75,71.52,71.68,4258
2021-07-23T07:00:00+0000,71.69,71.96,71.65,71.73,8985
2021-07-23T08:00:00+0000,71.73,71.95,71.48,71.84,12114
2021-07-23T09:00:00+0000,71.84,72.11,71.72,71.86,10265
2021-07-23T10:00:00+0000,71.85,71.97,71.67,71.75,5239
2021-07-23T11:00:00+0000,71.75,71.88,71.65,71.87,5247
2021-07-23T12:00:00+0000,71.87,71.99,71.62,71.69,11246
2021-07-23T13:00:00+0000,71.68,71.87,71.39,71.44,30870
2021-07-23T14:00:00+0000,71.44,71.87,71.42,71.55,24771
2021-07-23T15:00:00+0000,71.55,71.9,71.5,71.77,19862
2021-07-23T16:00:00+0000,71.78,72.03,71.74,71.99,13343
2021-07-23T17:00:00+0000,72.0,72.06,71.9,71.97,11196
2021-07-23T18:00:00+0000,71.96,72.12,71.75,72.02,18245
2021-07-23T19:00:00+0000,72.02,72.08,71.96,72.04,3316
2021-07-23T20:00:00+0000,72.03,72.21,72.0,72.17,2723
2021-07-25T22:00:00+0000,72.18,72.43,72.1,72.32,2617
2021-07-25T23:00:00+0000,72.32,72.38,72.24,72.32,991
2021-07-26T00:00:00+0000,72.31,72.32,71.92,71.96,3615
2021-07-26T01:00:00+0000,71.95,72.06,71.71,71.94,6597
2021-07-26T02:00:00+0000,71.94,71.96,71.63,71.72,4309
2021-07-26T03:00:00+0000,71.72,71.75,71.58,71.63,2779
2021-07-26T04:00:00+0000,71.63,71.72,71.59,71.64,1464
2021-07-26T05:00:00+0000,71.64,71.66,71.13,71.36,8169
2021-07-26T06:00:00+0000,71.36,71.36,71.04,71.1,6739
2021-07-26T07:00:00+0000,71.1,71.35,71.01,71.16,8500
2021-07-26T08:00:00+0000,71.17,71.17,70.56,71.06,18101
2021-07-26T09:00:00+0000,71.04,71.75,71.01,71.67,14105
2021-07-26T10:00:00+0000,71.66,71.83,71.46,71.59,7204
2021-07-26T11:00:00+0000,71.58,71.75,71.58,71.69,4644
2021-07-26T12:00:00+0000,71.69,72.13,71.65,71.92,15207
2021-07-26T13:00:00+0000,71.93,72.1,71.48,71.75,37510
2021-07-26T14:00:00+0000,71.75,72.31,71.16,71.6,46561
2021-07-26T15:00:00+0000,71.61,71.96,71.55,71.63,21051
2021-07-26T16:00:00+0000,71.63,71.7,71.38,71.63,14307
2021-07-26T17:00:00+0000,71.63,72.02,71.62,72.02,11504
2021-07-26T18:00:00+0000,72.01,72.25,71.76,72.2,35309
2021-07-26T19:00:00+0000,72.2,72.2,72.04,72.16,3895
2021-07-26T20:00:00+0000,72.16,72.22,72.13,72.19,1910
2021-07-26T22:00:00+0000,72.22,72.22,72.11,72.19,904
2021-07-26T23:00:00+0000,72.19,72.19,72.07,72.09,950
2021-07-27T00:00:00+0000,72.09,72.14,71.89,71.95,2484
2021-07-27T01:00:00+0000,71.95,72.15,71.9,72.11,4824
2021-07-27T02:00:00+0000,72.11,72.33,72.09,72.26,6719
2021-07-27T03:00:00+0000,72.27,72.28,72.12,72.16,3090
2021-07-27T04:00:00+0000,72.17,72.21,72.12,72.16,1049
2021-07-27T05:00:00+0000,72.15,72.2,72.02,72.18,3531
2021-07-27T06:00:00+0000,72.19,72.19,71.82,71.85,6061
2021-07-27T07:00:00+0000,71.85,71.91,71.46,71.81,12195
2021-07-27T08:00:00+0000,71.82,72.18,71.76,72.02,15410
2021-07-27T09:00:00+0000,72.02,72.13,71.79,72.09,8781
2021-07-27T10:00:00+0000,72.09,72.16,71.82,71.93,4432
2021-07-27T11:00:00+0000,71.92,72.28,71.81,71.89,10227
2021-07-27T12:00:00+0000,71.89,72.01,71.72,72.0,13552
2021-07-27T13:00:00+0000,71.98,72.19,71.73,71.81,28652
2021-07-27T14:00:00+0000,71.82,72.05,71.55,71.85,26496
2021-07-27T15:00:00+0000,71.85,71.94,71.36,71.51,27957
2021-07-27T16:00:00+0000,71.51,71.59,71.08,71.33,19958
2021-07-27T17:00:00+0000,71.33,71.6,71.22,71.55,13139
2021-07-27T18:00:00+0000,71.54,71.92,71.39,71.56,26832
2021-07-27T19:00:00+0000,71.56,71.82,71.56,71.82,4238
2021-07-27T20:00:00+0000,71.82,71.99,71.72,71.89,4526
2021-07-27T22:00:00+0000,71.9,71.99,71.8,71.97,1496
2021-07-27T23:00:00+0000,71.97,72.02,71.95,71.98,1093
2021-07-28T00:00:00+0000,71.99,72.08,71.93,72.04,2455
2021-07-28T01:00:00+0000,72.05,72.17,72.04,72.14,5084
2021-07-28T02:00:00+0000,72.15,72.22,71.93,72.19,5794
2021-07-28T03:00:00+0000,72.19,72.23,72.08,72.11,3021
2021-07-28T04:00:00+0000,72.1,72.12,72.03,72.06,1656
2021-07-28T05:00:00+0000,72.05,72.15,71.95,72.13,4050
2021-07-28T06:00:00+0000,72.12,72.24,71.93,71.97,5796
2021-07-28T07:00:00+0000,71.97,72.11,71.84,71.93,6894
2021-07-28T08:00:00+0000,71.93,72.48,71.87,72.47,15391
2021-07-28T09:00:00+0000,72.47,72.6,72.34,72.34,9635
2021-07-28T10:00:00+0000,72.34,72.4,71.72,71.98,12621
2021-07-28T11:00:00+0000,71.98,72.05,71.7,71.98,7621
2021-07-28T12:00:00+0000,71.98,72.29,71.96,72.04,11184
2021-07-28T13:00:00+0000,72.03,72.21,71.85,71.92,21185
2021-07-28T14:00:00+0000,71.93,72.22,71.77,71.88,32785
2021-07-28T15:00:00+0000,71.88,72.32,71.72,72.22,31610
2021-07-28T16:00:00+0000,72.23,72.3,72.07,72.24,11912
2021-07-28T17:00:00+0000,72.25,72.57,72.21,72.3,14820
2021-07-28T18:00:00+0000,72.3,72.53,72.19,72.35,21974
2021-07-28T19:00:00+0000,72.35,72.39,72.17,72.24,4406
2021-07-28T20:00:00+0000,72.24,72.4,72.21,72.37,1925
2021-07-28T22:00:00+0000,72.4,72.48,72.37,72.42,809
2021-07-28T23:00:00+0000,72.43,72.44,72.35,72.42,714
2021-07-29T00:00:00+0000,72.41,72.45,72.29,72.35,2195
2021-07-29T01:00:00+0000,72.35,72.46,72.26,72.45,3947
2021-07-29T02:00:00+0000,72.44,72.76,72.44,72.7,5860
2021-07-29T03:00:00+0000,72.71,72.75,72.61,72.63,3055
2021-07-29T04:00:00+0000,72.63,72.68,72.62,72.66,948
2021-07-29T05:00:00+0000,72.65,72.84,72.62,72.77,3755
2021-07-29T06:00:00+0000,72.77,72.88,72.7,72.84,3442
2021-07-29T07:00:00+0000,72.84,73.11,72.84,73.0,10014
2021-07-29T08:00:00+0000,73.0,73.27,72.97,73.06,10192
2021-07-29T09:00:00+0000,73.06,73.11,72.73,72.84,9129
2021-07-29T10:00:00+0000,72.84,72.87,72.49,72.58,10406
2021-07-29T11:00:00+0000,72.58,72.87,72.5,72.81,7566
2021-07-29T12:00:00+0000,72.82,72.87,72.58,72.69,11524
2021-07-29T13:00:00+0000,72.69,73.07,72.53,72.77,26888
2021-07-29T14:00:00+0000,72.78,73.14,72.61,73.09,22093
2021-07-29T15:00:00+0000,73.09,73.37,72.93,73.31,24135
2021-07-29T16:00:00+0000,73.31,73.5,73.25,73.33,13447
2021-07-29T17:00:00+0000,73.34,73.34,73.12,73.29,10259
2021-07-29T18:00:00+0000,73.29,73.67,73.27,73.61,24042
2021-07-29T19:00:00+0000,73.62,73.68,73.55,73.62,4992
2021-07-29T20:00:00+0000,73.62,73.62,73.36,73.41,3822
2021-07-29T22:00:00+0000,73.41,73.5,73.37,73.4,1026
2021-07-29T23:00:00+0000,73.39,73.41,73.28,73.29,1009
2021-07-30T00:00:00+0000,73.29,73.42,73.25,73.26,3466
2021-07-30T01:00:00+0000,73.25,73.3,73.11,73.23,5409
2021-07-30T02:00:00+0000,73.22,73.27,73.01,73.12,5195
2021-07-30T03:00:00+0000,73.12,73.25,73.11,73.17,2288
2021-07-30T04:00:00+0000,73.18,73.21,73.14,73.19,911
2021-07-30T05:00:00+0000,73.19,73.23,72.93,73.04,5545
2021-07-30T06:00:00+0000,73.02,73.21,72.99,73.18,3230
2021-07-30T07:00:00+0000,73.19,73.35,73.15,73.34,6052
2021-07-30T08:00:00+0000,73.33,73.62,73.22,73.45,11409
2021-07-30T09:00:00+0000,73.44,73.49,73.09,73.33,7092
2021-07-30T10:00:00+0000,73.32,73.43,73.23,73.42,4378
2021-07-30T11:00:00+0000,73.42,73.58,73.34,73.41,6307
2021-07-30T12:00:00+0000,73.42,73.57,73.4,73.55,6899
2021-07-30T13:00:00+0000,73.55,73.9,73.25,73.85,37742
2021-07-30T14:00:00+0000,73.85,73.96,73.3,73.51,30615
2021-07-30T15:00:00+0000,73.5,73.82,73.46,73.79,18492
2021-07-30T16:00:00+0000,73.8,74.07,73.76,74.01,14098
2021-07-30T17:00:00+0000,74.01,74.21,73.88,74.16,16221
2021-07-30T18:00:00+0000,74.16,74.23,73.61,73.84,24471
2021-07-30T19:00:00+0000,73.83,73.95,73.72,73.76,4951
2021-07-30T20:00:00+0000,73.75,73.82,73.65,73.81,2606
2021-08-01T22:00:00+0000,73.91,73.95,73.7,73.83,2436
2021-08-01T23:00:00+0000,73.83,73.85,73.7,73.72,1496
2021-08-02T00:00:00+0000,73.72,73.75,73.47,73.51,3618
2021-08-02T01:00:00+0000,73.51,73.6,72.87,72.93,13081
2021-08-02T02:00:00+0000,72.94,73.06,72.77,73.01,9303
2021-08-02T03:00:00+0000,73.02,73.18,72.99,73.14,3137
2021-08-02T04:00:00+0000,73.13,73.3,73.12,73.28,1891
2021-08-02T05:00:00+0000,73.28,73.35,73.06,73.13,4211
2021-08-02T06:00:00+0000,73.14,73.32,73.07,73.26,3966
2021-08-02T07:00:00+0000,73.27,73.42,72.98,73.0,7117
2021-08-02T08:00:00+0000,72.99,73.34,72.92,73.26,9988
2021-08-02T09:00:00+0000,73.27,73.27,72.94,72.95,5744
2021-08-02T10:00:00+0000,72.95,72.96,72.61,72.62,10468
2021-08-02T11:00:00+0000,72.62,73.02,72.61,72.95,8752
2021-08-02T12:00:00+0000,72.95,73.2,72.73,73.06,12843
2021-08-02T13:00:00+0000,73.06,73.37,72.92,73.03,26343
2021-08-02T14:00:00+0000,73.03,73.12,71.36,71.51,63871
2021-08-02T15:00:00+0000,71.5,71.64,70.68,70.74,75518
2021-08-02T16:00:00+0000,70.74,71.27,70.55,71.13,41365
2021-08-02T17:00:00+0000,71.13,71.32,70.95,71.14,18887
2021-08-02T18:00:00+0000,71.14,71.35,71.07,71.27,24236
2021-08-02T19:00:00+0000,71.27,71.44,71.21,71.36,5234
2021-08-02T20:00:00+0000,71.36,71.53,71.35,71.49,2607
2021-08-02T22:00:00+0000,71.52,71.65,71.44,71.45,1256
2021-08-02T23:00:00+0000,71.44,71.5,71.37,71.38,1176
2021-08-03T00:00:00+0000,71.39,71.73,71.39,71.66,4238
2021-08-03T01:00:00+0000,71.66,71.68,71.42,71.46,6101
2021-08-03T02:00:00+0000,71.45,71.48,71.22,71.28,5609
2021-08-03T03:00:00+0000,71.28,71.36,71.14,71.27,3967
2021-08-03T04:00:00+0000,71.26,71.31,71.15,71.19,2531
2021-08-03T05:00:00+0000,71.19,71.31,71.05,71.14,4611
2021-08-03T06:00:00+0000,71.15,71.25,70.97,71.12,5018
2021-08-03T07:00:00+0000,71.12,71.53,70.99,71.37,11733
2021-08-03T08:00:00+0000,71.38,71.82,71.38,71.8,12574
2021-08-03T09:00:00+0000,71.81,71.96,71.67,71.87,9661
2021-08-03T10:00:00+0000,71.86,71.86,71.55,71.6,6669
2021-08-03T11:00:00+0000,71.59,71.66,71.31,71.33,9293
2021-08-03T12:00:00+0000,71.32,71.44,69.46,69.76,63475
2021-08-03T13:00:00+0000,69.76,70.28,69.19,69.36,75616
2021-08-03T14:00:00+0000,69.36,70.49,69.26,69.84,53295
2021-08-03T15:00:00+0000,69.84,70.81,69.83,70.73,37222
2021-08-03T16:00:00+0000,70.73,70.86,70.53,70.68,20435
2021-08-03T17:00:00+0000,70.68,70.74,70.34,70.53,14457
2021-08-03T18:00:00+0000,70.53,70.73,70.34,70.72,21661
2021-08-03T19:00:00+0000,70.71,70.75,70.56,70.62,3542
2021-08-03T20:00:00+0000,70.63,70.69,70.18,70.23,5329
2021-08-03T22:00:00+0000,70.32,70.56,70.27,70.45,1578
2021-08-03T23:00:00+0000,70.45,70.47,70.36,70.39,642
2021-08-04T00:00:00+0000,70.39,70.49,70.14,70.19,2777
2021-08-04T01:00:00+0000,70.19,70.3,70.06,70.24,5124
2021-08-04T02:00:00+0000,70.24,70.48,70.22,70.38,4408
2021-08-04T03:00:00+0000,70.37,70.52,70.36,70.46,2645
2021-08-04T04:00:00+0000,70.46,70.52,70.43,70.48,1295
2021-08-04T05:00:00+0000,70.48,70.48,70.28,70.35,2834
2021-08-04T06:00:00+0000,70.35,70.52,70.31,70.39,3782
2021-08-04T07:00:00+0000,70.39,70.75,70.2,70.64,9462
2021-08-04T08:00:00+0000,70.65,70.81,70.27,70.43,11482
2021-08-04T09:00:00+0000,70.43,70.58,70.21,70.39,6868
2021-08-04T10:00:00+0000,70.39,70.39,70.06,70.2,6695
2021-08-04T11:00:00+0000,70.2,70.21,69.14,69.18,23229
2021-08-04T12:00:00+0000,69.18,69.57,68.96,69.23,30139
2021-08-04T13:00:00+0000,69.24,69.33,68.16,68.78,84955
2021-08-04T14:00:00+0000,68.78,69.38,68.33,68.93,69317
2021-08-04T15:00:00+0000,68.93,69.23,67.99,68.11,46174
2021-08-04T16:00:00+0000,68.12,68.55,67.85,68.14,32980
2021-08-04T17:00:00+0000,68.14,68.59,68.04,68.45,20867
2021-08-04T18:00:00+0000,68.45,68.51,67.93,67.97,29557
2021-08-04T19:00:00+0000,67.98,68.09,67.88,67.94,7115
2021-08-04T20:00:00+0000,67.93,68.04,67.91,68.02,2518
2021-08-04T22:00:00+0000,68.06,68.12,67.93,68.04,1665
2021-08-04T23:00:00+0000,68.04,68.14,68.02,68.09,957
2021-08-05T00:00:00+0000,68.1,68.36,68.1,68.26,4005
2021-08-05T01:00:00+0000,68.27,68.42,68.23,68.35,5164
2021-08-05T02:00:00+0000,68.34,68.48,68.31,68.38,2870
2021-08-05T03:00:00+0000,68.38,68.52,68.36,68.45,2088
2021-08-05T04:00:00+0000,68.44,68.44,68.35,68.39,1270
2021-08-05T05:00:00+0000,68.38,68.52,68.18,68.24,4160
2021-08-05T06:00:00+0000,68.22,68.27,67.61,67.75,11726
2021-08-05T07:00:00+0000,67.76,68.23,67.75,68.14,11498
2021-08-05T08:00:00+0000,68.15,68.4,67.75,68.38,15598
2021-08-05T09:00:00+0000,68.38,68.89,68.31,68.88,15882
2021-08-05T10:00:00+0000,68.88,68.93,68.08,68.17,13830
2021-08-05T11:00:00+0000,68.18,68.44,67.73,68.0,14965
2021-08-05T12:00:00+0000,68.0,68.75,67.96,68.42,22204
2021-08-05T13:00:00+0000,68.43,68.71,67.87,68.68,45653
2021-08-05T14:00:00+0000,68.69,68.96,68.27,68.65,40456
2021-08-05T15:00:00+0000,68.66,69.35,68.5,68.91,38633
2021-08-05T16:00:00+0000,68.92,69.07,68.76,68.96,15666
2021-08-05T17:00:00+0000,68.96,69.2,68.91,69.01,9627
2021-08-05T18:00:00+0000,69.02,69.12,68.78,69.06,17582
2021-08-05T19:00:00+0000,69.07,69.22,68.95,69.21,4488
2021-08-05T20:00:00+0000,69.2,69.24,69.09,69.1,2122
2021-08-05T22:00:00+0000,69.14,69.16,69.04,69.13,796
2021-08-05T23:00:00+0000,69.13,69.15,69.02,69.04,751
2021-08-06T00:00:00+0000,69.03,69.16,68.97,68.99,1912
2021-08-06T01:00:00+0000,69.0,69.04,68.87,68.99,3611
2021-08-06T02:00:00+0000,68.98,69.19,68.94,69.14,3297
2021-08-06T03:00:00+0000,69.13,69.26,69.1,69.19,2333
2021-08-06T04:00:00+0000,69.18,69.26,69.15,69.18,1093
2021-08-06T05:00:00+0000,69.18,69.4,69.11,69.37,3708
2021-08-06T06:00:00+0000,69.38,69.65,69.3,69.54,7218
2021-08-06T07:00:00+0000,69.55,69.73,69.34,69.39,7607
2021-08-06T08:00:00+0000,69.39,69.62,69.25,69.41,10008
2021-08-06T09:00:00+0000,69.42,69.53,69.31,69.43,4208
2021-08-06T10:00:00+0000,69.44,70.06,69.38,69.94,12550
2021-08-06T11:00:00+0000,69.93,70.18,69.8,69.85,10127
2021-08-06T12:00:00+0000,69.86,70.12,69.45,69.99,25409
2021-08-06T13:00:00+0000,69.99,70.18,68.53,68.8,53030
2021-08-06T14:00:00+0000,68.81,69.44,68.1,68.38,53581
2021-08-06T15:00:00+0000,68.37,68.72,67.8,68.28,44819
2021-08-06T16:00:00+0000,68.28,68.65,68.21,68.27,19166
2021-08-06T17:00:00+0000,68.28,68.65,68.25,68.61,13217
2021-08-06T18:00:00+0000,68.6,68.81,67.94,68.02,30210
2021-08-06T19:00:00+0000,68.01,68.14,67.99,68.12,3849
2021-08-06T20:00:00+0000,68.12,68.14,67.83,67.83,2602
2021-08-08T22:00:00+0000,67.88,67.9,66.64,66.96,9854
2021-08-08T23:00:00+0000,66.96,67.26,66.79,67.19,5334
2021-08-09T00:00:00+0000,67.18,67.19,66.87,67.07,5002
2021-08-09T01:00:00+0000,67.07,67.24,66.73,66.75,9210
2021-08-09T02:00:00+0000,66.75,67.06,66.69,66.8,5464
2021-08-09T03:00:00+0000,66.8,66.96,66.78,66.94,2995
2021-08-09T04:00:00+0000,66.94,67.04,66.89,66.94,2200
2021-08-09T05:00:00+0000,66.93,67.0,66.77,66.79,3180
2021-08-09T06:00:00+0000,66.78,66.78,66.49,66.64,7626
2021-08-09T07:00:00+0000,66.64,66.66,65.97,65.98,16298
2021-08-09T08:00:00+0000,65.98,66.03,65.38,65.49,24435
2021-08-09T09:00:00+0000,65.48,65.6,65.15,65.58,21244
2021-08-09T10:00:00+0000,65.57,65.84,65.27,65.41,15269
2021-08-09T11:00:00+0000,65.42,65.87,65.2,65.85,19221
2021-08-09T12:00:00+0000,65.84,65.99,65.18,65.83,32470
2021-08-09T13:00:00+0000,65.83,66.58,65.82,66.34,51914
2021-08-09T14:00:00+0000,66.34,66.44,65.56,65.82,44013
2021-08-09T15:00:00+0000,65.82,66.68,65.76,66.43,39203
2021-08-09T16:00:00+0000,66.43,66.79,66.34,66.47,18546
2021-08-09T17:00:00+0000,66.46,66.7,66.22,66.25,16344
2021-08-09T18:00:00+0000,66.24,66.73,65.89,66.7,38666
2021-08-09T19:00:00+0000,66.7,66.9,66.7,66.77,4868
2021-08-09T20:00:00+0000,66.77,66.87,66.74,66.85,1989
2021-08-09T22:00:00+0000,66.85,66.99,66.8,66.98,1557
2021-08-09T23:00:00+0000,66.97,66.99,66.87,66.94,864
2021-08-10T00:00:00+0000,66.94,67.01,66.76,66.81,2639
2021-08-10T01:00:00+0000,66.81,67.07,66.58,66.62,6045
2021-08-10T02:00:00+0000,66.61,66.85,66.56,66.8,4343
2021-08-10T03:00:00+0000,66.8,67.0,66.75,66.93,2388
2021-08-10T04:00:00+0000,66.93,67.0,66.89,66.99,1414
2021-08-10T05:00:00+0000,66.98,67.37,66.86,67.33,6726
2021-08-10T06:00:00+0000,67.34,67.58,67.24,67.47,6031
2021-08-10T07:00:00+0000,67.46,68.05,67.42,67.81,12662
2021-08-10T08:00:00+0000,67.81,68.04,67.62,67.95,12427
2021-08-10T09:00:00+0000,67.95,67.96,67.28,67.28,12240
2021-08-10T10:00:00+0000,67.28,67.75,67.17,67.68,9057
2021-08-10T11:00:00+0000,67.69,67.9,67.54,67.59,9574
2021-08-10T12:00:00+0000,67.6,67.8,67.01,67.5,21707
2021-08-10T13:00:00+0000,67.48,68.23,67.13,68.23,44040
2021-08-10T14:00:00+0000,68.22,68.87,68.19,68.7,51705
2021-08-10T15:00:00+0000,68.71,68.81,68.34,68.47,26074
2021-08-10T16:00:00+0000,68.48,68.9,68.47,68.68,16794
2021-08-10T17:00:00+0000,68.69,68.78,68.52,68.54,8906
2021-08-10T18:00:00+0000,68.54,68.61,68.23,68.54,23525
2021-08-10T19:00:00+0000,68.55,68.55,68.41,68.42,3350
2021-08-10T20:00:00+0000,68.42,68.54,68.39,68.5,3001
2021-08-10T22:00:00+0000,68.51,68.55,68.41,68.41,872
2021-08-10T23:00:00+0000,68.42,68.52,68.37,68.48,743
2021-08-11T00:00:00+0000,68.48,68.57,68.3,68.34,2499
2021-08-11T01:00:00+0000,68.35,68.44,68.22,68.28,4820
2021-08-11T02:00:00+0000,68.28,68.36,68.11,68.19,3986
2021-08-11T03:00:00+0000,68.19,68.19,67.9,68.12,5030
2021-08-11T04:00:00+0000,68.13,68.14,68.0,68.11,1596
2021-08-11T05:00:00+0000,68.1,68.32,68.09,68.28,3206
2021-08-11T06:00:00+0000,68.27,68.66,68.25,68.66,8434
2021-08-11T07:00:00+0000,68.67,68.79,68.39,68.39,8014
2021-08-11T08:00:00+0000,68.4,68.56,68.23,68.28,10606
2021-08-11T09:00:00+0000,68.29,68.38,68.08,68.37,6735
2021-08-11T10:00:00+0000,68.37,68.55,67.04,67.48,33475
2021-08-11T11:00:00+0000,67.47,67.61,67.31,67.33,9172
2021-08-11T12:00:00+0000,67.33,67.92,66.67,67.57,40741
2021-08-11T13:00:00+0000,67.56,67.87,67.0,67.38,39238
2021-08-11T14:00:00+0000,67.38,68.16,67.22,67.92,37716
2021-08-11T15:00:00+0000,67.93,68.15,67.38,67.66,30053
2021-08-11T16:00:00+0000,67.66,68.91,67.54,68.85,24823
2021-08-11T17:00:00+0000,68.85,69.45,68.84,69.2,30552
2021-08-11T18:00:00+0000,69.2,69.33,69.07,69.26,23931
2021-08-11T19:00:00+0000,69.26,69.34,69.21,69.3,3229
2021-08-11T20:00:00+0000,69.31,69.41,69.29,69.36,2445
2021-08-11T22:00:00+0000,69.36,69.38,69.28,69.34,770
2021-08-11T23:00:00+0000,69.33,69.35,69.3,69.32,474
2021-08-12T00:00:00+0000,69.31,69.39,69.16,69.18,2026
2021-08-12T01:00:00+0000,69.19,69.42,69.13,69.27,4008
2021-08-12T02:00:00+0000,69.28,69.37,69.21,69.32,2185
2021-08-12T03:00:00+0000,69.33,69.51,69.27,69.29,3055
2021-08-12T04:00:00+0000,69.29,69.34,69.23,69.24,1090
2021-08-12T05:00:00+0000,69.24,69.36,69.17,69.2,2565
2021-08-12T06:00:00+0000,69.2,69.27,68.98,69.06,5328
2021-08-12T07:00:00+0000,69.06,69.46,68.96,69.38,8506
2021-08-12T08:00:00+0000,69.39,69.46,69.06,69.33,10058
2021-08-12T09:00:00+0000,69.32,69.62,69.12,69.49,8464
2021-08-12T10:00:00+0000,69.49,69.54,69.02,69.09,7397
2021-08-12T11:00:00+0000,69.1,69.13,68.77,68.87,8943
2021-08-12T12:00:00+0000,68.86,69.07,68.68,69.0,13519
2021-08-12T13:00:00+0000,68.99,69.3,68.87,69.1,28260
2021-08-12T14:00:00+0000,69.11,69.32,68.99,69.03,18221
2021-08-12T15:00:00+0000,69.03,69.26,68.46,69.23,28369
2021-08-12T16:00:00+0000,69.24,69.42,69.17,69.27,11574
2021-08-12T17:00:00+0000,69.26,69.34,69.0,69.05,10794
2021-08-12T18:00:00+0000,69.06,69.17,68.95,69.01,13969
2021-08-12T19:00:00+0000,69.01,69.03,68.9,68.91,2138
2021-08-12T20:00:00+0000,68.92,68.99,68.89,68.91,1462
2021-08-12T22:00:00+0000,68.91,69.02,68.82,68.86,1020
2021-08-12T23:00:00+0000,68.86,68.86,68.74,68.83,992
2021-08-13T00:00:00+0000,68.83,68.91,68.7,68.77,2221
2021-08-13T01:00:00+0000,68.76,68.81,68.58,68.63,3244
2021-08-13T02:00:00+0000,68.62,68.66,68.5,68.53,3118
2021-08-13T03:00:00+0000,68.53,68.69,68.52,68.66,2118
2021-08-13T04:00:00+0000,68.65,68.67,68.54,68.59,972
2021-08-13T05:00:00+0000,68.59,68.61,68.15,68.36,5107
2021-08-13T06:00:00+0000,68.36,68.61,68.33,68.56,4044
2021-08-13T07:00:00+0000,68.55,68.78,68.47,68.66,6415
2021-08-13T08:00:00+0000,68.67,68.77,68.37,68.59,8572
2021-08-13T09:00:00+0000,68.58,69.04,68.51,68.98,6102
2021-08-13T10:00:00+0000,68.98,69.11,68.78,68.96,5453
2021-08-13T11:00:00+0000,68.96,69.06,68.73,68.91,5525
2021-08-13T12:00:00+0000,68.91,69.01,68.72,68.86,7788
2021-08-13T13:00:00+0000,68.85,69.21,68.81,68.9,22377
2021-08-13T14:00:00+0000,68.91,69.22,68.77,68.86,18678
2021-08-13T15:00:00+0000,68.86,68.98,68.6,68.68,20394
2021-08-13T16:00:00+0000,68.69,68.72,68.25,68.36,15774
2021-08-13T17:00:00+0000,68.35,68.57,68.29,68.41,8597
2021-08-13T18:00:00+0000,68.41,68.57,67.8,67.82,21688
2021-08-13T19:00:00+0000,67.81,68.09,67.77,67.97,5246
2021-08-13T20:00:00+0000,67.98,68.05,67.82,68.03,2730
2021-08-15T22:00:00+0000,67.71,68.27,67.71,68.17,2199
2021-08-15T23:00:00+0000,68.18,68.21,68.05,68.08,989
2021-08-16T00:00:00+0000,68.08,68.08,67.54,67.64,3656
2021-08-16T01:00:00+0000,67.64,67.75,67.41,67.71,6497
2021-08-16T02:00:00+0000,67.71,67.72,67.52,67.68,2423
2021-08-16T03:00:00+0000,67.68,67.71,67.58,67.67,1618
2021-08-16T04:00:00+0000,67.67,67.78,67.64,67.69,1412
2021-08-16T05:00:00+0000,67.68,67.75,67.47,67.58,1751
2021-08-16T06:00:00+0000,67.57,67.6,67.22,67.5,6144
2021-08-16T07:00:00+0000,67.48,67.51,66.83,67.17,11590
2021-08-16T08:00:00+0000,67.18,68.14,67.08,67.79,15969
2021-08-16T09:00:00+0000,67.79,67.94,67.71,67.74,3865
2021-08-16T10:00:00+0000,67.73,67.79,67.19,67.47,7575
2021-08-16T11:00:00+0000,67.47,67.57,67.14,67.49,7842
2021-08-16T12:00:00+0000,67.48,67.48,66.25,66.56,31608
2021-08-16T13:00:00+0000,66.56,66.62,65.73,65.88,37255
2021-08-16T14:00:00+0000,65.87,66.96,65.74,66.83,32516
2021-08-16T15:00:00+0000,66.82,67.74,66.76,67.71,25285
2021-08-16T16:00:00+0000,67.71,67.84,67.53,67.54,12149
2021-08-16T17:00:00+0000,67.54,67.6,67.29,67.36,7627
2021-08-16T18:00:00+0000,67.37,67.52,66.94,67.46,20529
2021-08-16T19:00:00+0000,67.46,67.56,67.41,67.43,2793
2021-08-16T20:00:00+0000,67.44,67.48,67.38,67.47,1483
2021-08-16T22:00:00+0000,67.43,67.5,67.4,67.5,460
2021-08-16T23:00:00+0000,67.5,67.66,67.48,67.6,665
2021-08-17T00:00:00+0000,67.61,67.61,67.37,67.46,1547
2021-08-17T01:00:00+0000,67.47,67.61,67.44,67.52,2621
2021-08-17T02:00:00+0000,67.52,67.54,67.37,67.5,1638
2021-08-17T03:00:00+0000,67.49,67.5,67.29,67.3,1199
2021-08-17T04:00:00+0000,67.3,67.38,67.28,67.35,669
2021-08-17T05:00:00+0000,67.35,67.4,67.21,67.24,1971
2021-08-17T06:00:00+0000,67.24,67.27,66.8,66.92,4666
2021-08-17T07:00:00+0000,66.91,67.07,66.62,66.9,6817
2021-08-17T08:00:00+0000,66.89,67.2,66.65,66.97,8180
2021-08-17T09:00:00+0000,66.98,67.19,66.85,67.06,3303
2021-08-17T10:00:00+0000,67.06,67.1,66.72,66.81,4413
2021-08-17T11:00:00+0000,66.81,66.97,66.54,66.89,5576
2021-08-17T12:00:00+0000,66.89,67.16,66.59,67.04,8984
2021-08-17T13:00:00+0000,67.03,67.57,66.74,67.11,21705
2021-08-17T14:00:00+0000,67.11,67.72,67.07,67.54,19221
2021-08-17T15:00:00+0000,67.55,67.61,66.82,66.92,17541
2021-08-17T16:00:00+0000,66.92,67.18,66.33,66.45,17429
2021-08-17T17:00:00+0000,66.44,66.77,66.37,66.62,8315
2021-08-17T18:00:00+0000,66.62,66.93,66.46,66.62,11731
2021-08-17T19:00:00+0000,66.61,66.81,66.6,66.77,2144
2021-08-17T20:00:00+0000,66.77,66.81,66.45,66.58,2500
2021-08-17T22:00:00+0000,66.58,66.73,66.58,66.65,610
2021-08-17T23:00:00+0000,66.67,66.72,66.54,66.57,276
2021-08-18T00:00:00+0000,66.57,66.72,66.48,66.55,426
2021-08-18T01:00:00+0000,66.54,66.68,66.42,66.46,710
2021-08-18T02:00:00+0000,66.44,66.68,66.42,66.62,520
2021-08-18T03:00:00+0000,66.64,66.79,66.61,66.76,564
2021-08-18T04:00:00+0000,66.75,66.86,66.75,66.83,351
2021-08-18T05:00:00+0000,66.82,66.96,66.79,66.85,591
2021-08-18T06:00:00+0000,66.86,67.14,66.73,67.02,1047
2021-08-18T07:00:00+0000,67.04,67.19,66.82,66.83,1074
2021-08-18T08:00:00+0000,66.83,67.15,66.78,66.9,1094
2021-08-18T09:00:00+0000,66.91,67.35,66.88,67.13,1180
2021-08-18T10:00:00+0000,67.13,67.26,66.91,67.23,1060
2021-08-18T11:00:00+0000,67.25,67.48,67.16,67.35,1841
2021-08-18T12:00:00+0000,67.36,67.45,67.05,67.27,2507
2021-08-18T13:00:00+0000,67.26,67.36,66.62,67.03,5501
2021-08-18T14:00:00+0000,67.04,67.04,66.13,66.65,9070
2021-08-18T15:00:00+0000,66.66,66.91,65.93,66.21,7144
2021-08-18T16:00:00+0000,66.22,66.31,65.5,65.53,6380
2021-08-18T17:00:00+0000,65.54,65.83,65.26,65.58,5189
2021-08-18T18:00:00+0000,65.56,65.89,64.94,65.27,7917
2021-08-18T19:00:00+0000,65.28,65.29,64.73,64.89,2711
2021-08-18T20:00:00+0000,64.89,64.92,64.34,64.45,1394
2021-08-18T22:00:00+0000,64.58,64.67,64.45,64.65,425
2021-08-18T23:00:00+0000,64.65,64.74,64.59,64.7,86
2021-08-19T00:00:00+0000,64.72,64.76,64.44,64.49,141
2021-08-19T01:00:00+0000,64.47,64.61,64.24,64.37,377
2021-08-19T02:00:00+0000,64.36,64.43,64.26,64.3,105
2021-08-19T03:00:00+0000,64.24,64.6,64.24,64.53,217
2021-08-19T04:00:00+0000,64.56,64.6,64.38,64.39,68
2021-08-19T05:00:00+0000,64.38,64.5,64.13,64.25,300
2021-08-19T06:00:00+0000,64.2,64.26,63.98,64.0,435
2021-08-19T07:00:00+0000,63.99,64.0,63.45,63.48,1129
2021-08-19T08:00:00+0000,63.49,63.6,62.96,63.13,1077
2021-08-19T09:00:00+0000,63.17,63.35,62.83,63.32,1194
2021-08-19T10:00:00+0000,63.32,63.56,62.95,63.01,652
2021-08-19T11:00:00+0000,63.07,63.32,62.87,63.28,623
2021-08-19T12:00:00+0000,63.29,63.58,62.98,63.34,1267
2021-08-19T13:00:00+0000,63.33,63.93,63.21,63.63,3548
2021-08-19T14:00:00+0000,63.62,63.9,62.63,63.18,3049
2021-08-19T15:00:00+0000,63.18,63.45,62.73,63.43,2314
2021-08-19T16:00:00+0000,63.43,63.51,63.01,63.4,1143
2021-08-19T17:00:00+0000,63.43,63.7,63.18,63.27,936
2021-08-19T18:00:00+0000,63.27,64.01,63.25,64.0,1439
2021-08-19T19:00:00+0000,64.0,64.25,63.98,64.02,265
2021-08-19T20:00:00+0000,64.07,64.08,63.82,63.86,68
2021-08-19T22:00:00+0000,64.05,64.05,63.98,63.98,6
2021-08-19T23:00:00+0000,63.99,63.99,63.99,63.99,1
2021-08-20T00:00:00+0000,64.04,64.04,64.04,64.04,1
2021-08-20T01:00:00+0000,64.02,64.03,63.78,63.78,51
2021-08-20T02:00:00+0000,63.96,63.96,63.96,63.96,2
2021-08-20T03:00:00+0000,64.08,64.09,64.01,64.07,7
2021-08-20T04:00:00+0000,64.07,64.09,64.06,64.09,11
2021-08-20T05:00:00+0000,63.96,63.98,63.96,63.98,2
2021-08-20T06:00:00+0000,64.05,64.07,64.05,64.07,2
2021-08-20T07:00:00+0000,64.05,64.1,63.6,63.6,18
2021-08-20T08:00:00+0000,63.68,63.77,63.41,63.41,23
2021-08-20T09:00:00+0000,63.47,63.57,63.44,63.44,24
2021-08-20T10:00:00+0000,63.39,63.39,63.2,63.33,42
2021-08-20T11:00:00+0000,63.17,63.25,62.82,62.82,3
2021-08-20T12:00:00+0000,62.62,62.69,62.36,62.69,93
2021-08-20T13:00:00+0000,62.72,63.43,62.62,63.35,626
2021-08-20T14:00:00+0000,63.3,63.42,63.02,63.02,122
2021-08-20T15:00:00+0000,62.92,63.32,62.51,62.61,380
2021-08-20T16:00:00+0000,62.76,63.0,62.55,62.7,158
2021-08-20T17:00:00+0000,62.7,62.7,62.24,62.24,374
2021-08-20T18:00:00+0000,62.23,62.5,62.11,62.25,6943
