Time,Open,High,Low,Close,Volume,index
1970-01-01T00:00:00+0000,0.0,0.0,0.0,0.0,,1970-01-01T00:00:00+0000
2024-01-26T18:12:00+0000,18107.25,18107.25,18107.25,18107.25,1.0,2024-01-26T18:12:00+0000
2024-01-31T19:40:00+0000,18000.0,18000.0,18000.0,18000.0,1.0,2024-01-31T19:40:00+0000
2024-02-09T18:35:00+0000,18705.25,18705.25,18705.25,18705.25,1.0,2024-02-09T18:35:00+0000
2024-02-09T19:30:00+0000,18705.5,18705.5,18705.5,18705.5,1.0,2024-02-09T19:30:00+0000
2024-02-22T18:47:00+0000,18705.5,18705.5,18705.5,18705.5,1.0,2024-02-22T18:47:00+0000
2024-03-07T21:16:00+0000,18857.0,18857.0,18857.0,18857.0,1.0,2024-03-07T21:16:00+0000
2024-03-07T21:21:00+0000,18890.0,18890.0,18890.0,18890.0,1.0,2024-03-07T21:21:00+0000
2024-03-13T18:55:00+0000,18818.0,18818.0,18818.0,18818.0,1.0,2024-03-13T18:55:00+0000
2024-03-15T16:17:00+0000,18453.0,18453.0,18453.0,18453.0,1.0,2024-03-15T16:17:00+0000
2024-03-15T16:52:00+0000,18450.0,18450.0,18450.0,18450.0,1.0,2024-03-15T16:52:00+0000
2024-03-18T02:36:00+0000,18500.0,18500.0,18500.0,18500.0,1.0,2024-03-18T02:36:00+0000
2024-03-18T03:03:00+0000,18500.0,18500.0,18500.0,18500.0,2.0,2024-03-18T03:03:00+0000
2024-03-18T11:30:00+0000,18644.0,18644.0,18644.0,18644.0,1.0,2024-03-18T11:30:00+0000
2024-03-18T15:51:00+0000,18700.0,18700.0,18700.0,18700.0,1.0,2024-03-18T15:51:00+0000
2024-03-19T00:47:00+0000,18585.0,18585.0,18585.0,18585.0,1.0,2024-03-19T00:47:00+0000
2024-03-19T01:33:00+0000,18593.25,18593.25,18593.25,18593.25,1.0,2024-03-19T01:33:00+0000
2024-03-19T12:06:00+0000,18540.75,18540.75,18540.75,18540.75,1.0,2024-03-19T12:06:00+0000
2024-03-19T13:02:00+0000,18564.0,18564.0,18564.0,18564.0,1.0,2024-03-19T13:02:00+0000
2024-03-19T15:21:00+0000,18546.75,18546.75,18546.75,18546.75,1.0,2024-03-19T15:21:00+0000
2024-03-19T16:14:00+0000,18570.0,18570.0,18570.0,18570.0,1.0,2024-03-19T16:14:00+0000
2024-03-20T18:09:00+0000,18764.5,18764.5,18764.5,18764.5,1.0,2024-03-20T18:09:00+0000
2024-03-20T18:30:00+0000,18796.25,18796.25,18796.25,18796.25,4.0,2024-03-20T18:30:00+0000
2024-03-20T18:43:00+0000,18830.25,18830.25,18830.25,18830.25,1.0,2024-03-20T18:43:00+0000
2024-03-20T18:46:00+0000,18836.75,18836.75,18836.75,18836.75,2.0,2024-03-20T18:46:00+0000
2024-03-20T19:19:00+0000,18900.0,18900.0,18900.0,18900.0,1.0,2024-03-20T19:19:00+0000
2024-03-21T12:12:00+0000,19080.0,19080.0,19080.0,19080.0,1.0,2024-03-21T12:12:00+0000
2024-03-21T13:51:00+0000,19079.25,19079.25,19079.25,19079.25,2.0,2024-03-21T13:51:00+0000
2024-03-21T14:01:00+0000,19072.0,19072.0,19072.0,19072.0,2.0,2024-03-21T14:01:00+0000
2024-03-21T14:25:00+0000,19102.0,19102.0,19102.0,19102.0,3.0,2024-03-21T14:25:00+0000
2024-03-21T15:47:00+0000,19102.0,19102.0,19102.0,19102.0,1.0,2024-03-21T15:47:00+0000
2024-03-21T15:52:00+0000,19125.0,19125.0,19125.0,19125.0,1.0,2024-03-21T15:52:00+0000
2024-03-26T08:35:00+0000,18998.75,18998.75,18998.75,18998.75,1.0,2024-03-26T08:35:00+0000
2024-03-26T14:20:00+0000,19030.0,19030.0,19030.0,19030.0,1.0,2024-03-26T14:20:00+0000
2024-03-26T14:59:00+0000,19000.25,19000.25,19000.25,19000.25,1.0,2024-03-26T14:59:00+0000
2024-03-26T18:50:00+0000,18970.0,18970.0,18970.0,18970.0,1.0,2024-03-26T18:50:00+0000
2024-03-27T13:57:00+0000,18880.0,18880.0,18880.0,18880.0,1.0,2024-03-27T13:57:00+0000
2024-03-28T02:14:00+0000,18928.5,18928.5,18928.5,18928.5,2.0,2024-03-28T02:14:00+0000
2024-03-28T02:41:00+0000,18930.5,18930.5,18930.5,18930.5,2.0,2024-03-28T02:41:00+0000
2024-03-28T09:35:00+0000,18892.75,18892.75,18892.75,18892.75,2.0,2024-03-28T09:35:00+0000
2024-03-28T17:03:00+0000,18903.5,18903.5,18903.5,18903.5,1.0,2024-03-28T17:03:00+0000
2024-04-01T00:10:00+0000,19035.0,19035.0,19035.0,19035.0,1.0,2024-04-01T00:10:00+0000
2024-04-01T06:20:00+0000,19000.0,19000.0,19000.0,19000.0,3.0,2024-04-01T06:20:00+0000
2024-04-01T08:10:00+0000,19000.0,19000.0,19000.0,19000.0,1.0,2024-04-01T08:10:00+0000
2024-04-01T11:06:00+0000,19000.0,19000.0,19000.0,19000.0,1.0,2024-04-01T11:06:00+0000
2024-04-01T11:13:00+0000,18998.0,18998.0,18998.0,18998.0,3.0,2024-04-01T11:13:00+0000
2024-04-01T11:46:00+0000,18987.25,18998.0,18987.25,18998.0,5.0,2024-04-01T11:46:00+0000
2024-04-01T12:09:00+0000,18957.75,18960.0,18957.75,18960.0,5.0,2024-04-01T12:09:00+0000
2024-04-01T12:57:00+0000,18960.0,18960.0,18960.0,18960.0,10.0,2024-04-01T12:57:00+0000
2024-04-01T14:04:00+0000,18997.0,18997.0,18997.0,18997.0,2.0,2024-04-01T14:04:00+0000
2024-04-01T14:05:00+0000,18996.0,18996.0,18996.0,18996.0,3.0,2024-04-01T14:05:00+0000
2024-04-01T14:06:00+0000,18996.0,18996.0,18990.0,18990.0,15.0,2024-04-01T14:06:00+0000
2024-04-02T12:30:00+0000,18850.0,18850.0,18850.0,18850.0,1.0,2024-04-02T12:30:00+0000
2024-04-02T13:10:00+0000,18753.75,18753.75,18753.75,18753.75,2.0,2024-04-02T13:10:00+0000
2024-04-02T13:12:00+0000,18745.0,18745.0,18745.0,18745.0,1.0,2024-04-02T13:12:00+0000
2024-04-02T14:12:00+0000,18648.25,18648.25,18648.25,18648.25,1.0,2024-04-02T14:12:00+0000
2024-04-02T14:59:00+0000,18650.0,18650.0,18650.0,18650.0,1.0,2024-04-02T14:59:00+0000
2024-04-02T15:18:00+0000,18688.75,18688.75,18688.75,18688.75,1.0,2024-04-02T15:18:00+0000
2024-04-02T15:21:00+0000,18710.0,18710.0,18710.0,18710.0,1.0,2024-04-02T15:21:00+0000
2024-04-02T19:35:00+0000,18752.5,18752.5,18752.5,18752.5,1.0,2024-04-02T19:35:00+0000
2024-04-03T00:44:00+0000,18740.0,18740.0,18740.0,18740.0,1.0,2024-04-03T00:44:00+0000
2024-04-03T01:15:00+0000,18745.5,18745.5,18745.5,18745.5,1.0,2024-04-03T01:15:00+0000
2024-04-03T06:13:00+0000,18727.0,18727.0,18727.0,18727.0,1.0,2024-04-03T06:13:00+0000
2024-04-03T14:02:00+0000,18767.5,18767.5,18767.5,18767.5,1.0,2024-04-03T14:02:00+0000
2024-04-03T14:14:00+0000,18794.75,18794.75,18794.75,18794.75,1.0,2024-04-03T14:14:00+0000
2024-04-03T15:35:00+0000,18879.0,18879.0,18879.0,18879.0,1.0,2024-04-03T15:35:00+0000
2024-04-03T19:15:00+0000,18763.0,18763.0,18763.0,18763.0,1.0,2024-04-03T19:15:00+0000
2024-04-03T19:46:00+0000,18802.5,18802.5,18802.5,18802.5,1.0,2024-04-03T19:46:00+0000
2024-04-04T13:35:00+0000,18995.5,18995.5,18995.5,18995.5,1.0,2024-04-04T13:35:00+0000
2024-04-04T15:09:00+0000,18935.5,18935.5,18935.5,18935.5,1.0,2024-04-04T15:09:00+0000
2024-04-04T18:00:00+0000,18930.0,18930.0,18930.0,18930.0,1.0,2024-04-04T18:00:00+0000
2024-04-04T18:28:00+0000,18785.75,18785.75,18785.75,18785.75,1.0,2024-04-04T18:28:00+0000
2024-04-04T18:31:00+0000,18750.75,18750.75,18750.75,18750.75,1.0,2024-04-04T18:31:00+0000
2024-04-04T18:55:00+0000,18662.0,18662.0,18660.0,18660.0,3.0,2024-04-04T18:55:00+0000
2024-04-04T18:56:00+0000,18672.5,18672.5,18672.5,18672.5,2.0,2024-04-04T18:56:00+0000
2024-04-04T19:01:00+0000,18622.5,18622.5,18622.5,18622.5,1.0,2024-04-04T19:01:00+0000
2024-04-04T19:30:00+0000,18550.75,18550.75,18550.75,18550.75,5.0,2024-04-04T19:30:00+0000
2024-04-04T19:36:00+0000,18551.0,18551.0,18551.0,18551.0,1.0,2024-04-04T19:36:00+0000
2024-04-05T10:06:00+0000,18571.5,18571.5,18571.5,18571.5,1.0,2024-04-05T10:06:00+0000
2024-04-05T12:34:00+0000,18534.25,18534.25,18534.25,18534.25,1.0,2024-04-05T12:34:00+0000
2024-04-05T12:36:00+0000,18566.25,18566.25,18566.25,18566.25,2.0,2024-04-05T12:36:00+0000
2024-04-05T12:38:00+0000,18599.5,18599.5,18599.5,18599.5,1.0,2024-04-05T12:38:00+0000
2024-04-05T12:39:00+0000,18593.5,18593.5,18593.5,18593.5,1.0,2024-04-05T12:39:00+0000
2024-04-05T12:44:00+0000,18625.5,18625.5,18625.5,18625.5,1.0,2024-04-05T12:44:00+0000
2024-04-05T13:16:00+0000,18565.25,18565.25,18565.25,18565.25,1.0,2024-04-05T13:16:00+0000
2024-04-05T13:48:00+0000,18626.0,18626.0,18626.0,18626.0,1.0,2024-04-05T13:48:00+0000
2024-04-05T13:55:00+0000,18654.25,18654.25,18654.25,18654.25,1.0,2024-04-05T13:55:00+0000
2024-04-05T14:49:00+0000,18690.5,18690.5,18690.5,18690.5,10.0,2024-04-05T14:49:00+0000
2024-04-05T14:57:00+0000,18747.0,18747.0,18747.0,18747.0,1.0,2024-04-05T14:57:00+0000
2024-04-05T15:01:00+0000,18739.75,18739.75,18739.75,18739.75,1.0,2024-04-05T15:01:00+0000
2024-04-05T15:02:00+0000,18739.0,18739.0,18739.0,18739.0,1.0,2024-04-05T15:02:00+0000
2024-04-05T15:15:00+0000,18702.25,18702.25,18702.25,18702.25,1.0,2024-04-05T15:15:00+0000
2024-04-05T15:23:00+0000,18681.0,18681.0,18681.0,18681.0,1.0,2024-04-05T15:23:00+0000
2024-04-05T15:37:00+0000,18731.75,18731.75,18731.75,18731.75,1.0,2024-04-05T15:37:00+0000
2024-04-05T15:44:00+0000,18760.0,18760.0,18760.0,18760.0,1.0,2024-04-05T15:44:00+0000
2024-04-05T16:00:00+0000,18805.0,18805.0,18805.0,18805.0,1.0,2024-04-05T16:00:00+0000
2024-04-05T16:11:00+0000,18796.0,18796.0,18796.0,18796.0,1.0,2024-04-05T16:11:00+0000
2024-04-08T13:27:00+0000,18783.25,18783.25,18783.25,18783.25,5.0,2024-04-08T13:27:00+0000
2024-04-08T13:40:00+0000,18685.75,18685.75,18685.75,18685.75,1.0,2024-04-08T13:40:00+0000
2024-04-08T13:42:00+0000,18711.75,18711.75,18711.75,18711.75,1.0,2024-04-08T13:42:00+0000
2024-04-08T13:43:00+0000,18726.75,18726.75,18726.75,18726.75,1.0,2024-04-08T13:43:00+0000
2024-04-08T13:54:00+0000,18735.0,18735.0,18735.0,18735.0,1.0,2024-04-08T13:54:00+0000
2024-04-08T13:56:00+0000,18737.0,18737.0,18737.0,18737.0,1.0,2024-04-08T13:56:00+0000
2024-04-08T14:11:00+0000,18738.25,18738.25,18730.25,18730.25,2.0,2024-04-08T14:11:00+0000
2024-04-08T14:24:00+0000,18741.25,18741.25,18741.25,18741.25,1.0,2024-04-08T14:24:00+0000
2024-04-08T14:35:00+0000,18792.5,18792.5,18792.5,18792.5,1.0,2024-04-08T14:35:00+0000
2024-04-08T14:50:00+0000,18797.5,18797.5,18797.5,18797.5,1.0,2024-04-08T14:50:00+0000
2024-04-08T15:05:00+0000,18785.0,18785.0,18785.0,18785.0,2.0,2024-04-08T15:05:00+0000
2024-04-08T15:35:00+0000,18761.75,18761.75,18761.75,18761.75,2.0,2024-04-08T15:35:00+0000
2024-04-08T16:03:00+0000,18724.75,18724.75,18724.75,18724.75,1.0,2024-04-08T16:03:00+0000
2024-04-08T16:23:00+0000,18702.0,18702.0,18702.0,18702.0,1.0,2024-04-08T16:23:00+0000
2024-04-08T19:51:00+0000,18740.75,18740.75,18740.75,18740.75,3.0,2024-04-08T19:51:00+0000
2024-04-09T12:11:00+0000,18785.0,18785.0,18785.0,18785.0,5.0,2024-04-09T12:11:00+0000
2024-04-09T12:20:00+0000,18785.25,18785.25,18785.25,18785.25,1.0,2024-04-09T12:20:00+0000
2024-04-09T13:44:00+0000,18823.0,18823.0,18823.0,18823.0,1.0,2024-04-09T13:44:00+0000
2024-04-09T13:45:00+0000,18821.5,18821.5,18821.5,18821.5,1.0,2024-04-09T13:45:00+0000
2024-04-09T13:49:00+0000,18797.75,18797.75,18797.75,18797.75,2.0,2024-04-09T13:49:00+0000
2024-04-09T13:52:00+0000,18787.5,18787.5,18787.5,18787.5,2.0,2024-04-09T13:52:00+0000
2024-04-09T14:14:00+0000,18789.5,18789.5,18789.5,18789.5,2.0,2024-04-09T14:14:00+0000
2024-04-09T14:29:00+0000,18719.25,18719.25,18719.25,18719.25,1.0,2024-04-09T14:29:00+0000
2024-04-09T15:01:00+0000,18650.75,18650.75,18650.75,18650.75,1.0,2024-04-09T15:01:00+0000
2024-04-09T15:09:00+0000,18667.5,18667.5,18667.5,18667.5,1.0,2024-04-09T15:09:00+0000
2024-04-09T15:26:00+0000,18669.0,18669.0,18669.0,18669.0,1.0,2024-04-09T15:26:00+0000
2024-04-09T15:30:00+0000,18656.25,18669.25,18656.25,18669.25,3.0,2024-04-09T15:30:00+0000
2024-04-09T15:50:00+0000,18690.25,18690.25,18690.25,18690.25,1.0,2024-04-09T15:50:00+0000
2024-04-09T19:07:00+0000,18664.75,18664.75,18664.75,18664.75,1.0,2024-04-09T19:07:00+0000
2024-04-09T19:30:00+0000,18753.0,18753.0,18753.0,18753.0,1.0,2024-04-09T19:30:00+0000
2024-04-10T09:37:00+0000,18806.5,18806.5,18806.5,18806.5,1.0,2024-04-10T09:37:00+0000
2024-04-10T09:59:00+0000,18794.75,18794.75,18794.75,18794.75,1.0,2024-04-10T09:59:00+0000
2024-04-10T12:30:00+0000,18693.25,18693.25,18620.0,18620.0,2.0,2024-04-10T12:30:00+0000
2024-04-10T12:32:00+0000,18555.0,18558.75,18555.0,18558.75,3.0,2024-04-10T12:32:00+0000
2024-04-10T12:35:00+0000,18560.0,18560.0,18560.0,18560.0,1.0,2024-04-10T12:35:00+0000
2024-04-10T12:39:00+0000,18520.25,18522.25,18520.25,18522.25,2.0,2024-04-10T12:39:00+0000
2024-04-10T12:40:00+0000,18501.0,18501.0,18500.0,18500.0,5.0,2024-04-10T12:40:00+0000
2024-04-10T12:57:00+0000,18533.5,18533.5,18533.5,18533.5,1.0,2024-04-10T12:57:00+0000
2024-04-10T13:04:00+0000,18515.75,18515.75,18515.75,18515.75,1.0,2024-04-10T13:04:00+0000
2024-04-10T13:08:00+0000,18513.5,18513.5,18513.5,18513.5,1.0,2024-04-10T13:08:00+0000
2024-04-10T13:19:00+0000,18559.0,18559.0,18559.0,18559.0,1.0,2024-04-10T13:19:00+0000
2024-04-10T13:32:00+0000,18586.0,18586.0,18586.0,18586.0,1.0,2024-04-10T13:32:00+0000
2024-04-10T13:48:00+0000,18579.75,18579.75,18579.75,18579.75,1.0,2024-04-10T13:48:00+0000
2024-04-10T13:52:00+0000,18610.0,18610.0,18610.0,18610.0,1.0,2024-04-10T13:52:00+0000
2024-04-10T13:56:00+0000,18640.0,18640.0,18640.0,18640.0,1.0,2024-04-10T13:56:00+0000
2024-04-10T14:05:00+0000,18613.75,18613.75,18613.75,18613.75,1.0,2024-04-10T14:05:00+0000
2024-04-10T14:06:00+0000,18608.25,18608.25,18608.25,18608.25,1.0,2024-04-10T14:06:00+0000
2024-04-10T14:15:00+0000,18614.75,18614.75,18614.75,18614.75,1.0,2024-04-10T14:15:00+0000
2024-04-10T14:25:00+0000,18625.0,18625.0,18625.0,18625.0,1.0,2024-04-10T14:25:00+0000
2024-04-10T14:28:00+0000,18611.5,18611.5,18611.5,18611.5,1.0,2024-04-10T14:28:00+0000
2024-04-10T14:52:00+0000,18608.5,18608.5,18608.5,18608.5,1.0,2024-04-10T14:52:00+0000
2024-04-10T14:54:00+0000,18603.0,18603.0,18603.0,18603.0,1.0,2024-04-10T14:54:00+0000
2024-04-10T15:04:00+0000,18589.5,18589.5,18589.5,18589.5,1.0,2024-04-10T15:04:00+0000
2024-04-10T15:07:00+0000,18614.5,18614.5,18614.5,18614.5,1.0,2024-04-10T15:07:00+0000
2024-04-10T15:21:00+0000,18594.75,18594.75,18594.75,18594.75,1.0,2024-04-10T15:21:00+0000
2024-04-10T15:41:00+0000,18583.5,18583.5,18583.5,18583.5,1.0,2024-04-10T15:41:00+0000
2024-04-10T15:43:00+0000,18574.75,18574.75,18574.75,18574.75,1.0,2024-04-10T15:43:00+0000
2024-04-10T16:15:00+0000,18579.5,18579.5,18579.5,18579.5,1.0,2024-04-10T16:15:00+0000
2024-04-10T16:47:00+0000,18598.75,18598.75,18598.75,18598.75,1.0,2024-04-10T16:47:00+0000
2024-04-10T16:48:00+0000,18590.5,18590.5,18590.5,18590.5,1.0,2024-04-10T16:48:00+0000
2024-04-10T16:53:00+0000,18614.5,18614.5,18614.5,18614.5,1.0,2024-04-10T16:53:00+0000
2024-04-10T16:54:00+0000,18624.0,18624.0,18624.0,18624.0,1.0,2024-04-10T16:54:00+0000
2024-04-10T16:55:00+0000,18622.5,18622.5,18622.5,18622.5,1.0,2024-04-10T16:55:00+0000
2024-04-10T17:07:00+0000,18585.0,18585.0,18585.0,18585.0,1.0,2024-04-10T17:07:00+0000
2024-04-10T17:11:00+0000,18566.25,18566.25,18566.25,18566.25,1.0,2024-04-10T17:11:00+0000
2024-04-10T17:20:00+0000,18613.25,18613.25,18613.25,18613.25,1.0,2024-04-10T17:20:00+0000
2024-04-10T17:23:00+0000,18648.75,18648.75,18648.75,18648.75,1.0,2024-04-10T17:23:00+0000
2024-04-10T17:42:00+0000,18584.75,18584.75,18584.75,18584.75,1.0,2024-04-10T17:42:00+0000
2024-04-10T17:48:00+0000,18580.25,18580.25,18580.25,18580.25,1.0,2024-04-10T17:48:00+0000
2024-04-10T17:54:00+0000,18589.0,18589.0,18589.0,18589.0,1.0,2024-04-10T17:54:00+0000
2024-04-10T18:00:00+0000,18604.5,18604.5,18604.5,18604.5,1.0,2024-04-10T18:00:00+0000
2024-04-10T18:03:00+0000,18612.5,18612.5,18612.5,18612.5,1.0,2024-04-10T18:03:00+0000
2024-04-10T19:20:00+0000,18627.0,18627.0,18627.0,18627.0,1.0,2024-04-10T19:20:00+0000
2024-04-10T19:27:00+0000,18630.75,18630.75,18630.75,18630.75,1.0,2024-04-10T19:27:00+0000
2024-04-10T19:30:00+0000,18626.25,18626.25,18626.25,18626.25,1.0,2024-04-10T19:30:00+0000
2024-04-10T19:49:00+0000,18652.0,18652.0,18652.0,18652.0,1.0,2024-04-10T19:49:00+0000
2024-04-11T10:20:00+0000,18604.5,18604.5,18604.5,18604.5,1.0,2024-04-11T10:20:00+0000
2024-04-11T12:19:00+0000,18589.0,18589.0,18589.0,18589.0,1.0,2024-04-11T12:19:00+0000
2024-04-11T12:35:00+0000,18655.75,18655.75,18655.75,18655.75,1.0,2024-04-11T12:35:00+0000
2024-04-11T13:29:00+0000,18703.75,18703.75,18703.75,18703.75,1.0,2024-04-11T13:29:00+0000
2024-04-11T13:38:00+0000,18685.25,18685.25,18685.25,18685.25,1.0,2024-04-11T13:38:00+0000
2024-04-11T13:46:00+0000,18715.0,18715.0,18715.0,18715.0,1.0,2024-04-11T13:46:00+0000
2024-04-11T14:11:00+0000,18662.25,18662.25,18662.25,18662.25,1.0,2024-04-11T14:11:00+0000
2024-04-11T14:31:00+0000,18673.0,18673.0,18673.0,18673.0,1.0,2024-04-11T14:31:00+0000
2024-04-11T17:35:00+0000,18850.75,18850.75,18850.75,18850.75,1.0,2024-04-11T17:35:00+0000
2024-04-11T17:53:00+0000,18885.0,18885.0,18885.0,18885.0,1.0,2024-04-11T17:53:00+0000
2024-04-11T18:05:00+0000,18887.0,18887.0,18887.0,18887.0,1.0,2024-04-11T18:05:00+0000
2024-04-11T18:17:00+0000,18925.0,18925.0,18925.0,18925.0,1.0,2024-04-11T18:17:00+0000
2024-04-11T18:18:00+0000,18910.0,18910.0,18910.0,18910.0,1.0,2024-04-11T18:18:00+0000
2024-04-11T19:05:00+0000,18935.0,18935.0,18935.0,18935.0,1.0,2024-04-11T19:05:00+0000
2024-04-11T19:18:00+0000,18942.25,18942.25,18942.25,18942.25,1.0,2024-04-11T19:18:00+0000
2024-04-11T19:50:00+0000,18943.0,18943.0,18943.0,18943.0,1.0,2024-04-11T19:50:00+0000
2024-04-12T10:47:00+0000,18850.0,18850.0,18850.0,18850.0,1.0,2024-04-12T10:47:00+0000
2024-04-12T12:32:00+0000,18826.0,18826.0,18826.0,18826.0,1.0,2024-04-12T12:32:00+0000
2024-04-12T12:46:00+0000,18776.5,18776.5,18776.5,18776.5,1.0,2024-04-12T12:46:00+0000
2024-04-12T13:00:00+0000,18753.25,18753.25,18753.25,18753.25,1.0,2024-04-12T13:00:00+0000
2024-04-12T13:15:00+0000,18753.0,18753.0,18753.0,18753.0,1.0,2024-04-12T13:15:00+0000
2024-04-12T13:28:00+0000,18737.0,18737.0,18737.0,18737.0,1.0,2024-04-12T13:28:00+0000
2024-04-12T14:00:00+0000,18779.5,18779.5,18779.5,18779.5,1.0,2024-04-12T14:00:00+0000
2024-04-12T14:04:00+0000,18758.25,18758.25,18758.25,18758.25,1.0,2024-04-12T14:04:00+0000
2024-04-12T16:20:00+0000,18658.0,18658.0,18658.0,18658.0,1.0,2024-04-12T16:20:00+0000
2024-04-12T16:40:00+0000,18623.5,18623.5,18623.5,18623.5,2.0,2024-04-12T16:40:00+0000
2024-04-12T16:41:00+0000,18616.75,18616.75,18603.25,18603.25,3.0,2024-04-12T16:41:00+0000
2024-04-12T17:21:00+0000,18587.0,18587.0,18587.0,18587.0,1.0,2024-04-12T17:21:00+0000
2024-04-12T19:01:00+0000,18584.0,18584.0,18584.0,18584.0,1.0,2024-04-12T19:01:00+0000
2024-04-12T19:46:00+0000,18632.0,18632.0,18632.0,18632.0,1.0,2024-04-12T19:46:00+0000
2024-04-14T22:04:00+0000,18640.25,18640.25,18640.25,18640.25,1.0,2024-04-14T22:04:00+0000
2024-04-15T09:16:00+0000,18725.0,18725.0,18725.0,18725.0,1.0,2024-04-15T09:16:00+0000
2024-04-15T11:18:00+0000,18735.0,18735.0,18735.0,18735.0,1.0,2024-04-15T11:18:00+0000
2024-04-15T12:14:00+0000,18738.0,18738.0,18736.0,18736.0,2.0,2024-04-15T12:14:00+0000
2024-04-15T12:17:00+0000,18750.0,18750.0,18750.0,18750.0,1.0,2024-04-15T12:17:00+0000
2024-04-15T12:35:00+0000,18765.0,18765.0,18765.0,18765.0,1.0,2024-04-15T12:35:00+0000
2024-04-15T12:54:00+0000,18774.25,18774.25,18774.25,18774.25,1.0,2024-04-15T12:54:00+0000
2024-04-15T13:34:00+0000,18738.75,18738.75,18738.75,18738.75,1.0,2024-04-15T13:34:00+0000
2024-04-15T13:36:00+0000,18716.0,18716.0,18716.0,18716.0,1.0,2024-04-15T13:36:00+0000
2024-04-15T13:38:00+0000,18732.0,18732.0,18732.0,18732.0,1.0,2024-04-15T13:38:00+0000
2024-04-15T13:43:00+0000,18752.25,18752.25,18752.25,18752.25,1.0,2024-04-15T13:43:00+0000
2024-04-15T14:08:00+0000,18706.0,18706.0,18706.0,18706.0,1.0,2024-04-15T14:08:00+0000
2024-04-15T14:11:00+0000,18651.5,18654.0,18651.5,18654.0,2.0,2024-04-15T14:11:00+0000
2024-04-15T14:20:00+0000,18680.25,18680.25,18680.25,18680.25,1.0,2024-04-15T14:20:00+0000
2024-04-15T14:21:00+0000,18676.5,18676.5,18676.5,18676.5,1.0,2024-04-15T14:21:00+0000
2024-04-15T15:00:00+0000,18626.75,18626.75,18626.75,18626.75,1.0,2024-04-15T15:00:00+0000
2024-04-15T15:03:00+0000,18637.75,18637.75,18637.75,18637.75,1.0,2024-04-15T15:03:00+0000
2024-04-15T16:24:00+0000,18600.0,18600.0,18600.0,18600.0,1.0,2024-04-15T16:24:00+0000
2024-04-15T16:30:00+0000,18590.25,18590.25,18590.25,18590.25,1.0,2024-04-15T16:30:00+0000
2024-04-15T17:18:00+0000,18536.75,18536.75,18536.75,18536.75,2.0,2024-04-15T17:18:00+0000
2024-04-15T17:26:00+0000,18445.0,18445.0,18445.0,18445.0,1.0,2024-04-15T17:26:00+0000
2024-04-15T19:49:00+0000,18330.25,18330.25,18330.25,18330.25,1.0,2024-04-15T19:49:00+0000
2024-04-15T23:28:00+0000,18328.5,18328.5,18328.5,18328.5,5.0,2024-04-15T23:28:00+0000
2024-04-16T01:29:00+0000,18320.75,18320.75,18320.75,18320.75,1.0,2024-04-16T01:29:00+0000
2024-04-16T02:29:00+0000,18268.0,18268.0,18268.0,18268.0,1.0,2024-04-16T02:29:00+0000
2024-04-16T03:57:00+0000,18271.25,18271.25,18271.25,18271.25,1.0,2024-04-16T03:57:00+0000
2024-04-16T10:29:00+0000,18244.0,18244.0,18244.0,18244.0,1.0,2024-04-16T10:29:00+0000
2024-04-16T11:00:00+0000,18300.5,18300.5,18300.5,18300.5,1.0,2024-04-16T11:00:00+0000
2024-04-16T12:56:00+0000,18350.0,18350.0,18350.0,18350.0,1.0,2024-04-16T12:56:00+0000
2024-04-16T13:37:00+0000,18295.75,18295.75,18295.75,18295.75,1.0,2024-04-16T13:37:00+0000
2024-04-16T15:28:00+0000,18360.0,18360.0,18360.0,18360.0,1.0,2024-04-16T15:28:00+0000
2024-04-16T15:39:00+0000,18333.75,18333.75,18333.75,18333.75,1.0,2024-04-16T15:39:00+0000
2024-04-16T19:07:00+0000,18374.75,18374.75,18374.75,18374.75,1.0,2024-04-16T19:07:00+0000
2024-04-16T19:45:00+0000,18353.0,18353.0,18353.0,18353.0,1.0,2024-04-16T19:45:00+0000
2024-04-17T01:52:00+0000,18360.75,18360.75,18360.75,18360.75,1.0,2024-04-17T01:52:00+0000
2024-04-17T05:34:00+0000,18350.5,18350.5,18350.5,18350.5,1.0,2024-04-17T05:34:00+0000
2024-04-17T06:03:00+0000,18274.75,18274.75,18274.75,18274.75,1.0,2024-04-17T06:03:00+0000
2024-04-17T06:45:00+0000,18287.25,18287.25,18287.25,18287.25,2.0,2024-04-17T06:45:00+0000
2024-04-17T06:46:00+0000,18271.5,18271.5,18271.5,18271.5,1.0,2024-04-17T06:46:00+0000
2024-04-17T07:29:00+0000,18299.75,18299.75,18299.75,18299.75,1.0,2024-04-17T07:29:00+0000
2024-04-17T10:49:00+0000,18385.25,18385.25,18385.25,18385.25,1.0,2024-04-17T10:49:00+0000
2024-04-17T11:40:00+0000,18360.25,18360.25,18360.25,18360.25,1.0,2024-04-17T11:40:00+0000
2024-04-17T13:24:00+0000,18403.0,18403.0,18403.0,18403.0,1.0,2024-04-17T13:24:00+0000
2024-04-17T13:50:00+0000,18350.25,18350.25,18350.25,18350.25,1.0,2024-04-17T13:50:00+0000
2024-04-17T13:51:00+0000,18342.0,18342.0,18342.0,18342.0,1.0,2024-04-17T13:51:00+0000
2024-04-17T14:31:00+0000,18288.75,18288.75,18288.75,18288.75,1.0,2024-04-17T14:31:00+0000
2024-04-17T14:52:00+0000,18246.0,18246.0,18246.0,18246.0,1.0,2024-04-17T14:52:00+0000
2024-04-17T16:19:00+0000,18153.5,18153.5,18153.5,18153.5,1.0,2024-04-17T16:19:00+0000
2024-04-17T16:42:00+0000,18103.0,18103.0,18103.0,18103.0,1.0,2024-04-17T16:42:00+0000
2024-04-17T17:04:00+0000,18108.0,18108.0,18108.0,18108.0,1.0,2024-04-17T17:04:00+0000
2024-04-17T17:07:00+0000,18130.75,18130.75,18130.75,18130.75,1.0,2024-04-17T17:07:00+0000
2024-04-17T17:08:00+0000,18119.5,18119.5,18119.5,18119.5,1.0,2024-04-17T17:08:00+0000
2024-04-17T17:50:00+0000,18190.0,18190.0,18190.0,18190.0,1.0,2024-04-17T17:50:00+0000
2024-04-18T00:55:00+0000,18125.0,18125.0,18125.0,18125.0,1.0,2024-04-18T00:55:00+0000
2024-04-18T04:29:00+0000,18189.75,18189.75,18189.75,18189.75,1.0,2024-04-18T04:29:00+0000
2024-04-18T04:36:00+0000,18171.0,18171.0,18171.0,18171.0,1.0,2024-04-18T04:36:00+0000
2024-04-18T05:50:00+0000,18200.75,18200.75,18200.75,18200.75,1.0,2024-04-18T05:50:00+0000
2024-04-18T05:54:00+0000,18200.0,18200.0,18200.0,18200.0,1.0,2024-04-18T05:54:00+0000
2024-04-18T06:15:00+0000,18201.25,18201.25,18201.25,18201.25,1.0,2024-04-18T06:15:00+0000
2024-04-18T07:18:00+0000,18179.75,18179.75,18179.75,18179.75,1.0,2024-04-18T07:18:00+0000
2024-04-18T09:57:00+0000,18157.0,18157.0,18157.0,18157.0,1.0,2024-04-18T09:57:00+0000
2024-04-18T13:49:00+0000,18074.0,18074.0,18074.0,18074.0,1.0,2024-04-18T13:49:00+0000
2024-04-18T14:09:00+0000,18080.25,18080.25,18080.25,18080.25,1.0,2024-04-18T14:09:00+0000
2024-04-18T14:17:00+0000,18100.0,18100.0,18100.0,18100.0,1.0,2024-04-18T14:17:00+0000
2024-04-18T14:38:00+0000,18131.75,18131.75,18131.75,18131.75,1.0,2024-04-18T14:38:00+0000
2024-04-18T15:09:00+0000,18172.25,18172.25,18172.25,18172.25,1.0,2024-04-18T15:09:00+0000
2024-04-18T16:46:00+0000,18088.0,18088.0,18088.0,18088.0,1.0,2024-04-18T16:46:00+0000
2024-04-18T17:15:00+0000,18037.0,18037.0,18037.0,18037.0,1.0,2024-04-18T17:15:00+0000
2024-04-18T17:24:00+0000,17986.5,17986.5,17986.5,17986.5,1.0,2024-04-18T17:24:00+0000
2024-04-18T17:43:00+0000,18000.0,18000.0,18000.0,18000.0,1.0,2024-04-18T17:43:00+0000
2024-04-18T18:05:00+0000,17988.25,17988.25,17988.25,17988.25,1.0,2024-04-18T18:05:00+0000
2024-04-18T19:51:00+0000,18026.25,18026.25,18026.25,18026.25,1.0,2024-04-18T19:51:00+0000
2024-04-18T19:54:00+0000,17988.25,17988.25,17988.25,17988.25,1.0,2024-04-18T19:54:00+0000
2024-04-18T19:55:00+0000,17975.5,17975.5,17975.5,17975.5,1.0,2024-04-18T19:55:00+0000
2024-04-18T23:51:00+0000,17948.0,17948.0,17948.0,17948.0,1.0,2024-04-18T23:51:00+0000
2024-04-19T00:14:00+0000,17901.25,17901.25,17901.25,17901.25,1.0,2024-04-19T00:14:00+0000
2024-04-19T00:15:00+0000,17912.75,17912.75,17912.75,17912.75,1.0,2024-04-19T00:15:00+0000
2024-04-19T00:19:00+0000,17891.75,17891.75,17891.75,17891.75,1.0,2024-04-19T00:19:00+0000
2024-04-19T00:20:00+0000,17885.0,17885.0,17885.0,17885.0,1.0,2024-04-19T00:20:00+0000
2024-04-19T01:30:00+0000,17776.0,17776.0,17776.0,17776.0,3.0,2024-04-19T01:30:00+0000
2024-04-19T01:40:00+0000,17701.75,17701.75,17701.75,17701.75,1.0,2024-04-19T01:40:00+0000
2024-04-19T02:36:00+0000,17705.0,17705.0,17705.0,17705.0,3.0,2024-04-19T02:36:00+0000
2024-04-19T02:48:00+0000,17680.0,17680.0,17680.0,17680.0,1.0,2024-04-19T02:48:00+0000
2024-04-19T03:51:00+0000,17742.5,17742.5,17742.5,17742.5,1.0,2024-04-19T03:51:00+0000
2024-04-19T05:20:00+0000,17774.0,17774.0,17774.0,17774.0,1.0,2024-04-19T05:20:00+0000
2024-04-19T06:11:00+0000,17823.25,17823.25,17823.25,17823.25,1.0,2024-04-19T06:11:00+0000
2024-04-19T06:12:00+0000,17831.75,17831.75,17831.75,17831.75,1.0,2024-04-19T06:12:00+0000
2024-04-19T06:47:00+0000,17880.0,17880.0,17880.0,17880.0,3.0,2024-04-19T06:47:00+0000
2024-04-19T07:05:00+0000,17865.0,17865.0,17865.0,17865.0,1.0,2024-04-19T07:05:00+0000
2024-04-19T09:46:00+0000,17877.5,17877.5,17877.5,17877.5,1.0,2024-04-19T09:46:00+0000
2024-04-19T11:13:00+0000,17879.0,17879.0,17879.0,17879.0,1.0,2024-04-19T11:13:00+0000
2024-04-19T11:30:00+0000,17917.25,17917.25,17917.25,17917.25,1.0,2024-04-19T11:30:00+0000
2024-04-19T11:31:00+0000,17925.0,17925.0,17925.0,17925.0,1.0,2024-04-19T11:31:00+0000
2024-04-19T11:35:00+0000,17923.25,17923.25,17923.25,17923.25,1.0,2024-04-19T11:35:00+0000
2024-04-19T11:40:00+0000,17949.75,17949.75,17949.75,17949.75,1.0,2024-04-19T11:40:00+0000
2024-04-19T11:43:00+0000,17955.0,17955.0,17955.0,17955.0,1.0,2024-04-19T11:43:00+0000
2024-04-19T11:54:00+0000,17933.0,17933.0,17933.0,17933.0,1.0,2024-04-19T11:54:00+0000
2024-04-19T12:14:00+0000,17953.5,17953.5,17953.5,17953.5,1.0,2024-04-19T12:14:00+0000
2024-04-19T13:13:00+0000,17924.25,17924.25,17924.25,17924.25,1.0,2024-04-19T13:13:00+0000
2024-04-19T13:35:00+0000,17914.75,17914.75,17914.75,17914.75,1.0,2024-04-19T13:35:00+0000
2024-04-19T14:10:00+0000,17857.75,17857.75,17857.75,17857.75,1.0,2024-04-19T14:10:00+0000
2024-04-19T14:21:00+0000,17833.75,17833.75,17833.75,17833.75,1.0,2024-04-19T14:21:00+0000
2024-04-19T14:29:00+0000,17785.0,17806.25,17785.0,17806.25,2.0,2024-04-19T14:29:00+0000
2024-04-19T15:12:00+0000,17802.5,17802.5,17802.5,17802.5,1.0,2024-04-19T15:12:00+0000
2024-04-19T15:31:00+0000,17770.0,17770.0,17770.0,17770.0,1.0,2024-04-19T15:31:00+0000
2024-04-19T15:47:00+0000,17780.0,17780.0,17780.0,17780.0,2.0,2024-04-19T15:47:00+0000
2024-04-19T15:48:00+0000,17785.0,17785.0,17785.0,17785.0,1.0,2024-04-19T15:48:00+0000
2024-04-19T15:50:00+0000,17775.0,17775.0,17775.0,17775.0,1.0,2024-04-19T15:50:00+0000
2024-04-19T15:54:00+0000,17755.0,17756.5,17755.0,17756.5,2.0,2024-04-19T15:54:00+0000
2024-04-19T16:08:00+0000,17708.0,17708.0,17708.0,17708.0,1.0,2024-04-19T16:08:00+0000
2024-04-19T16:09:00+0000,17720.25,17720.25,17720.25,17720.25,1.0,2024-04-19T16:09:00+0000
2024-04-19T16:29:00+0000,17645.0,17645.0,17645.0,17645.0,1.0,2024-04-19T16:29:00+0000
2024-04-19T16:43:00+0000,17675.0,17675.0,17675.0,17675.0,5.0,2024-04-19T16:43:00+0000
2024-04-19T17:10:00+0000,17735.0,17735.0,17735.0,17735.0,1.0,2024-04-19T17:10:00+0000
2024-04-19T17:12:00+0000,17730.0,17730.0,17730.0,17730.0,1.0,2024-04-19T17:12:00+0000
2024-04-19T17:28:00+0000,17715.0,17715.0,17715.0,17715.0,1.0,2024-04-19T17:28:00+0000
2024-04-19T17:56:00+0000,17722.0,17722.0,17722.0,17722.0,1.0,2024-04-19T17:56:00+0000
2024-04-19T18:01:00+0000,17700.0,17700.0,17700.0,17700.0,1.0,2024-04-19T18:01:00+0000
2024-04-19T18:07:00+0000,17691.25,17691.25,17691.25,17691.25,1.0,2024-04-19T18:07:00+0000
2024-04-19T18:16:00+0000,17675.0,17675.0,17675.0,17675.0,1.0,2024-04-19T18:16:00+0000
2024-04-19T18:48:00+0000,17573.5,17573.5,17573.5,17573.5,1.0,2024-04-19T18:48:00+0000
2024-04-19T19:03:00+0000,17589.75,17589.75,17589.75,17589.75,1.0,2024-04-19T19:03:00+0000
2024-04-19T19:09:00+0000,17606.25,17606.25,17606.25,17606.25,5.0,2024-04-19T19:09:00+0000
2024-04-19T19:17:00+0000,17595.0,17595.0,17595.0,17595.0,1.0,2024-04-19T19:17:00+0000
2024-04-19T19:42:00+0000,17565.0,17565.0,17565.0,17565.0,1.0,2024-04-19T19:42:00+0000
2024-04-19T19:50:00+0000,17585.0,17585.0,17585.0,17585.0,1.0,2024-04-19T19:50:00+0000
2024-04-21T22:30:00+0000,17676.0,17676.0,17676.0,17676.0,1.0,2024-04-21T22:30:00+0000
2024-04-22T01:00:00+0000,17645.0,17645.0,17645.0,17645.0,1.0,2024-04-22T01:00:00+0000
2024-04-22T10:48:00+0000,17707.75,17707.75,17707.75,17707.75,1.0,2024-04-22T10:48:00+0000
2024-04-22T12:14:00+0000,17685.0,17685.0,17685.0,17685.0,1.0,2024-04-22T12:14:00+0000
2024-04-22T12:37:00+0000,17707.0,17707.0,17707.0,17707.0,1.0,2024-04-22T12:37:00+0000
2024-04-22T14:18:00+0000,17690.0,17690.0,17690.0,17690.0,1.0,2024-04-22T14:18:00+0000
2024-04-22T15:29:00+0000,17636.0,17636.0,17636.0,17636.0,3.0,2024-04-22T15:29:00+0000
2024-04-22T15:45:00+0000,17641.75,17641.75,17641.75,17641.75,1.0,2024-04-22T15:45:00+0000
2024-04-22T16:24:00+0000,17685.75,17685.75,17685.75,17685.75,1.0,2024-04-22T16:24:00+0000
2024-04-22T16:41:00+0000,17678.0,17678.0,17678.0,17678.0,1.0,2024-04-22T16:41:00+0000
2024-04-22T17:07:00+0000,17738.25,17738.25,17738.25,17738.25,1.0,2024-04-22T17:07:00+0000
2024-04-22T18:17:00+0000,17850.0,17850.0,17850.0,17850.0,1.0,2024-04-22T18:17:00+0000
2024-04-22T18:41:00+0000,17842.0,17842.0,17842.0,17842.0,1.0,2024-04-22T18:41:00+0000
2024-04-22T19:31:00+0000,17818.0,17818.0,17818.0,17818.0,1.0,2024-04-22T19:31:00+0000
2024-04-22T19:36:00+0000,17780.0,17780.0,17780.0,17780.0,1.0,2024-04-22T19:36:00+0000
2024-04-23T12:21:00+0000,17809.0,17809.0,17809.0,17809.0,1.0,2024-04-23T12:21:00+0000
2024-04-23T13:45:00+0000,17905.5,17905.5,17905.5,17905.5,1.0,2024-04-23T13:45:00+0000
2024-04-23T13:46:00+0000,17944.0,17944.0,17944.0,17944.0,1.0,2024-04-23T13:46:00+0000
2024-04-23T17:45:00+0000,18040.75,18040.75,18040.75,18040.75,1.0,2024-04-23T17:45:00+0000
2024-04-23T17:50:00+0000,18062.5,18062.5,18062.5,18062.5,1.0,2024-04-23T17:50:00+0000
2024-04-23T20:03:00+0000,18058.75,18085.75,18058.75,18085.75,2.0,2024-04-23T20:03:00+0000
2024-04-23T22:35:00+0000,18100.0,18100.0,18100.0,18100.0,1.0,2024-04-23T22:35:00+0000
2024-04-24T00:54:00+0000,18150.0,18150.0,18150.0,18150.0,3.0,2024-04-24T00:54:00+0000
2024-04-24T03:58:00+0000,18170.0,18170.0,18170.0,18170.0,1.0,2024-04-24T03:58:00+0000
2024-04-24T07:25:00+0000,18162.0,18162.0,18162.0,18162.0,2.0,2024-04-24T07:25:00+0000
2024-04-24T11:30:00+0000,18139.25,18139.25,18139.25,18139.25,1.0,2024-04-24T11:30:00+0000
2024-04-24T13:33:00+0000,18155.0,18155.0,18155.0,18155.0,1.0,2024-04-24T13:33:00+0000
2024-04-24T13:40:00+0000,18200.0,18200.0,18200.0,18200.0,1.0,2024-04-24T13:40:00+0000
2024-04-24T13:55:00+0000,18200.0,18200.0,18200.0,18200.0,1.0,2024-04-24T13:55:00+0000
2024-04-24T14:05:00+0000,18180.0,18180.0,18180.0,18180.0,1.0,2024-04-24T14:05:00+0000
2024-04-24T14:09:00+0000,18199.75,18199.75,18199.75,18199.75,1.0,2024-04-24T14:09:00+0000
2024-04-24T14:15:00+0000,18162.5,18162.5,18162.5,18162.5,1.0,2024-04-24T14:15:00+0000
2024-04-24T14:46:00+0000,18138.0,18138.0,18138.0,18138.0,5.0,2024-04-24T14:46:00+0000
2024-04-24T15:03:00+0000,18107.25,18107.25,18107.25,18107.25,5.0,2024-04-24T15:03:00+0000
2024-04-24T16:31:00+0000,18020.0,18020.0,18020.0,18020.0,1.0,2024-04-24T16:31:00+0000
2024-04-24T16:34:00+0000,18010.0,18010.0,18010.0,18010.0,1.0,2024-04-24T16:34:00+0000
2024-04-24T17:03:00+0000,18050.0,18050.0,18050.0,18050.0,1.0,2024-04-24T17:03:00+0000
2024-04-24T20:36:00+0000,17917.0,17917.0,17917.0,17917.0,1.0,2024-04-24T20:36:00+0000
2024-04-24T22:38:00+0000,17888.0,17888.0,17888.0,17888.0,1.0,2024-04-24T22:38:00+0000
2024-04-24T22:42:00+0000,17910.0,17910.0,17910.0,17910.0,1.0,2024-04-24T22:42:00+0000
2024-04-24T23:57:00+0000,17886.25,17886.25,17886.25,17886.25,1.0,2024-04-24T23:57:00+0000
2024-04-25T01:03:00+0000,17911.0,17911.0,17911.0,17911.0,2.0,2024-04-25T01:03:00+0000
2024-04-25T05:04:00+0000,17882.5,17882.5,17882.5,17882.5,1.0,2024-04-25T05:04:00+0000
2024-04-25T05:11:00+0000,17876.75,17876.75,17876.75,17876.75,1.0,2024-04-25T05:11:00+0000
2024-04-25T12:30:00+0000,17889.0,17889.0,17889.0,17889.0,1.0,2024-04-25T12:30:00+0000
2024-04-25T12:39:00+0000,17839.75,17839.75,17839.75,17839.75,1.0,2024-04-25T12:39:00+0000
2024-04-25T12:49:00+0000,17812.25,17812.25,17812.25,17812.25,1.0,2024-04-25T12:49:00+0000
2024-04-25T12:53:00+0000,17806.0,17806.0,17806.0,17806.0,1.0,2024-04-25T12:53:00+0000
2024-04-25T12:54:00+0000,17817.25,17817.25,17817.25,17817.25,1.0,2024-04-25T12:54:00+0000
2024-04-25T12:56:00+0000,17798.75,17798.75,17798.75,17798.75,1.0,2024-04-25T12:56:00+0000
2024-04-25T13:14:00+0000,17776.5,17776.5,17776.5,17776.5,1.0,2024-04-25T13:14:00+0000
2024-04-25T13:18:00+0000,17785.5,17785.5,17785.5,17785.5,1.0,2024-04-25T13:18:00+0000
2024-04-25T13:31:00+0000,17755.0,17755.0,17755.0,17755.0,2.0,2024-04-25T13:31:00+0000
2024-04-25T13:32:00+0000,17760.25,17760.25,17760.25,17760.25,1.0,2024-04-25T13:32:00+0000
2024-04-25T13:43:00+0000,17799.5,17800.0,17799.5,17800.0,2.0,2024-04-25T13:43:00+0000
2024-04-25T14:18:00+0000,17869.5,17869.5,17869.5,17869.5,2.0,2024-04-25T14:18:00+0000
2024-04-25T14:33:00+0000,17830.0,17830.0,17830.0,17830.0,1.0,2024-04-25T14:33:00+0000
2024-04-25T14:47:00+0000,17816.75,17816.75,17816.75,17816.75,1.0,2024-04-25T14:47:00+0000
2024-04-25T15:28:00+0000,17831.0,17831.0,17831.0,17831.0,1.0,2024-04-25T15:28:00+0000
2024-04-25T16:14:00+0000,17839.75,17839.75,17839.75,17839.75,1.0,2024-04-25T16:14:00+0000
2024-04-25T16:20:00+0000,17858.0,17858.0,17858.0,17858.0,1.0,2024-04-25T16:20:00+0000
2024-04-25T16:51:00+0000,17911.0,17911.0,17911.0,17911.0,1.0,2024-04-25T16:51:00+0000
2024-04-25T17:49:00+0000,18000.0,18000.0,18000.0,18000.0,1.0,2024-04-25T17:49:00+0000
2024-04-25T18:30:00+0000,17960.0,17960.0,17960.0,17960.0,1.0,2024-04-25T18:30:00+0000
2024-04-25T18:40:00+0000,17935.0,17935.0,17935.0,17935.0,1.0,2024-04-25T18:40:00+0000
2024-04-25T19:35:00+0000,18011.25,18011.25,18011.25,18011.25,1.0,2024-04-25T19:35:00+0000
2024-04-25T19:41:00+0000,17980.0,17980.0,17980.0,17980.0,1.0,2024-04-25T19:41:00+0000
2024-04-25T19:44:00+0000,17986.0,17986.0,17986.0,17986.0,1.0,2024-04-25T19:44:00+0000
2024-04-25T20:00:00+0000,18002.75,18002.75,18002.75,18002.75,1.0,2024-04-25T20:00:00+0000
2024-04-26T01:18:00+0000,18200.0,18200.0,18200.0,18200.0,1.0,2024-04-26T01:18:00+0000
2024-04-26T08:54:00+0000,18170.0,18170.0,18170.0,18170.0,1.0,2024-04-26T08:54:00+0000
2024-04-26T12:07:00+0000,18170.75,18170.75,18170.75,18170.75,1.0,2024-04-26T12:07:00+0000
2024-04-26T12:15:00+0000,18177.25,18177.25,18177.25,18177.25,1.0,2024-04-26T12:15:00+0000
2024-04-26T12:35:00+0000,18164.75,18164.75,18164.75,18164.75,1.0,2024-04-26T12:35:00+0000
2024-04-26T14:45:00+0000,18254.75,18254.75,18254.75,18254.75,1.0,2024-04-26T14:45:00+0000
2024-04-26T14:48:00+0000,18275.0,18275.0,18275.0,18275.0,1.0,2024-04-26T14:48:00+0000
2024-04-26T15:03:00+0000,18321.25,18321.25,18321.25,18321.25,1.0,2024-04-26T15:03:00+0000
2024-04-26T17:38:00+0000,18329.25,18329.25,18329.25,18329.25,1.0,2024-04-26T17:38:00+0000
2024-04-26T19:24:00+0000,18317.5,18317.5,18317.5,18317.5,1.0,2024-04-26T19:24:00+0000
2024-04-26T19:28:00+0000,18317.0,18317.0,18317.0,18317.0,1.0,2024-04-26T19:28:00+0000
2024-04-26T19:55:00+0000,18285.0,18285.0,18285.0,18285.0,1.0,2024-04-26T19:55:00+0000
2024-04-28T23:14:00+0000,18286.0,18286.0,18286.0,18286.0,2.0,2024-04-28T23:14:00+0000
2024-04-28T23:28:00+0000,18292.0,18292.0,18292.0,18292.0,1.0,2024-04-28T23:28:00+0000
2024-04-29T01:58:00+0000,18340.0,18340.0,18340.0,18340.0,1.0,2024-04-29T01:58:00+0000
2024-04-29T13:41:00+0000,18300.0,18300.0,18300.0,18300.0,1.0,2024-04-29T13:41:00+0000
2024-04-29T14:11:00+0000,18336.0,18339.0,18336.0,18339.0,3.0,2024-04-29T14:11:00+0000
2024-04-29T17:20:00+0000,18335.0,18335.0,18335.0,18335.0,1.0,2024-04-29T17:20:00+0000
2024-04-29T18:22:00+0000,18334.0,18334.0,18334.0,18334.0,1.0,2024-04-29T18:22:00+0000
2024-04-29T19:03:00+0000,18242.0,18242.0,18240.0,18240.0,3.0,2024-04-29T19:03:00+0000
2024-04-30T09:00:00+0000,18306.0,18306.0,18306.0,18306.0,1.0,2024-04-30T09:00:00+0000
2024-04-30T11:06:00+0000,18310.5,18310.5,18310.5,18310.5,1.0,2024-04-30T11:06:00+0000
2024-04-30T13:52:00+0000,18287.5,18287.5,18287.5,18287.5,2.0,2024-04-30T13:52:00+0000
2024-04-30T13:53:00+0000,18297.25,18297.25,18297.25,18297.25,2.0,2024-04-30T13:53:00+0000
2024-04-30T14:18:00+0000,18320.5,18320.5,18320.5,18320.5,1.0,2024-04-30T14:18:00+0000
2024-04-30T17:41:00+0000,18142.5,18142.5,18142.5,18142.5,5.0,2024-04-30T17:41:00+0000
2024-04-30T18:35:00+0000,18147.75,18147.75,18147.75,18147.75,1.0,2024-04-30T18:35:00+0000
2024-04-30T18:50:00+0000,18117.75,18117.75,18117.75,18117.75,1.0,2024-04-30T18:50:00+0000
2024-04-30T19:35:00+0000,18141.75,18141.75,18141.75,18141.75,1.0,2024-04-30T19:35:00+0000
2024-04-30T19:46:00+0000,18130.0,18130.0,18130.0,18130.0,1.0,2024-04-30T19:46:00+0000
2024-04-30T19:52:00+0000,18098.0,18098.0,18098.0,18098.0,2.0,2024-04-30T19:52:00+0000
2024-04-30T20:00:00+0000,18000.0,18000.0,18000.0,18000.0,1.0,2024-04-30T20:00:00+0000
2024-04-30T20:06:00+0000,18032.0,18032.0,18032.0,18032.0,1.0,2024-04-30T20:06:00+0000
2024-04-30T20:27:00+0000,17981.5,17981.5,17981.5,17981.5,1.0,2024-04-30T20:27:00+0000
2024-04-30T22:05:00+0000,17930.5,17930.5,17930.5,17930.5,1.0,2024-04-30T22:05:00+0000
2024-04-30T23:09:00+0000,17934.5,17934.5,17934.5,17934.5,1.0,2024-04-30T23:09:00+0000
2024-05-01T06:01:00+0000,17934.75,17934.75,17934.75,17934.75,1.0,2024-05-01T06:01:00+0000
2024-05-01T08:21:00+0000,17915.5,17915.5,17915.5,17915.5,2.0,2024-05-01T08:21:00+0000
2024-05-01T09:37:00+0000,17849.25,17849.25,17849.25,17849.25,1.0,2024-05-01T09:37:00+0000
2024-05-01T14:16:00+0000,17875.75,17875.75,17875.75,17875.75,1.0,2024-05-01T14:16:00+0000
2024-05-01T16:43:00+0000,17868.5,17868.5,17868.5,17868.5,1.0,2024-05-01T16:43:00+0000
2024-05-01T19:35:00+0000,18048.25,18048.25,18048.25,18048.25,1.0,2024-05-01T19:35:00+0000
2024-05-01T19:39:00+0000,17986.0,17986.0,17986.0,17986.0,1.0,2024-05-01T19:39:00+0000
2024-05-01T22:09:00+0000,17950.5,17950.5,17950.5,17950.5,1.0,2024-05-01T22:09:00+0000
2024-05-02T06:42:00+0000,17959.25,17959.25,17959.25,17959.25,1.0,2024-05-02T06:42:00+0000
2024-05-02T07:00:00+0000,17961.5,17961.5,17961.5,17961.5,1.0,2024-05-02T07:00:00+0000
2024-05-02T14:09:00+0000,17829.0,17829.0,17829.0,17829.0,1.0,2024-05-02T14:09:00+0000
2024-05-02T15:54:00+0000,17981.0,17981.0,17981.0,17981.0,1.0,2024-05-02T15:54:00+0000
2024-05-02T19:37:00+0000,18064.0,18064.0,18064.0,18064.0,1.0,2024-05-02T19:37:00+0000
2024-05-03T10:32:00+0000,18209.5,18209.5,18209.5,18209.5,1.0,2024-05-03T10:32:00+0000
2024-05-03T12:39:00+0000,18365.0,18365.0,18365.0,18365.0,1.0,2024-05-03T12:39:00+0000
2024-05-03T13:17:00+0000,18360.0,18360.0,18360.0,18360.0,1.0,2024-05-03T13:17:00+0000
2024-05-03T13:29:00+0000,18387.25,18387.25,18387.25,18387.25,1.0,2024-05-03T13:29:00+0000
2024-05-03T14:00:00+0000,18469.0,18469.0,18469.0,18469.0,1.0,2024-05-03T14:00:00+0000
2024-05-03T14:12:00+0000,18386.25,18386.25,18386.25,18386.25,1.0,2024-05-03T14:12:00+0000
2024-05-03T14:31:00+0000,18371.0,18371.0,18371.0,18371.0,1.0,2024-05-03T14:31:00+0000
2024-05-03T14:50:00+0000,18408.75,18408.75,18408.75,18408.75,1.0,2024-05-03T14:50:00+0000
2024-05-03T15:47:00+0000,18421.0,18421.0,18402.25,18402.25,3.0,2024-05-03T15:47:00+0000
2024-05-03T15:48:00+0000,18425.5,18425.5,18395.5,18395.5,6.0,2024-05-03T15:48:00+0000
2024-05-03T16:08:00+0000,18419.0,18419.0,18419.0,18419.0,1.0,2024-05-03T16:08:00+0000
2024-05-03T18:35:00+0000,18469.0,18469.0,18469.0,18469.0,1.0,2024-05-03T18:35:00+0000
2024-05-06T02:45:00+0000,18434.5,18434.5,18430.5,18430.5,3.0,2024-05-06T02:45:00+0000
2024-05-06T04:43:00+0000,18438.0,18438.0,18438.0,18438.0,1.0,2024-05-06T04:43:00+0000
2024-05-06T14:24:00+0000,18537.75,18537.75,18537.75,18537.75,1.0,2024-05-06T14:24:00+0000
2024-05-06T14:25:00+0000,18544.5,18544.5,18544.5,18544.5,2.0,2024-05-06T14:25:00+0000
2024-05-06T18:43:00+0000,18572.5,18572.5,18572.5,18572.5,1.0,2024-05-06T18:43:00+0000
2024-05-06T20:01:00+0000,18630.5,18630.5,18630.5,18630.5,1.0,2024-05-06T20:01:00+0000
2024-05-06T20:14:00+0000,18620.0,18620.0,18620.0,18620.0,2.0,2024-05-06T20:14:00+0000
2024-05-07T12:44:00+0000,18610.5,18610.5,18610.5,18610.5,1.0,2024-05-07T12:44:00+0000
2024-05-07T14:34:00+0000,18627.0,18627.0,18627.0,18627.0,1.0,2024-05-07T14:34:00+0000
2024-05-07T14:43:00+0000,18649.25,18649.25,18649.25,18649.25,1.0,2024-05-07T14:43:00+0000
2024-05-07T14:49:00+0000,18655.0,18655.0,18655.0,18655.0,5.0,2024-05-07T14:49:00+0000
2024-05-07T15:35:00+0000,18678.0,18678.0,18678.0,18678.0,1.0,2024-05-07T15:35:00+0000
2024-05-07T16:37:00+0000,18684.5,18684.5,18684.5,18684.5,1.0,2024-05-07T16:37:00+0000
2024-05-07T17:25:00+0000,18694.75,18694.75,18694.75,18694.75,1.0,2024-05-07T17:25:00+0000
2024-05-07T17:35:00+0000,18686.75,18686.75,18686.75,18686.75,1.0,2024-05-07T17:35:00+0000
2024-05-07T17:48:00+0000,18665.0,18665.0,18665.0,18665.0,1.0,2024-05-07T17:48:00+0000
2024-05-07T17:59:00+0000,18630.0,18630.0,18630.0,18630.0,1.0,2024-05-07T17:59:00+0000
2024-05-08T01:16:00+0000,18647.5,18647.5,18647.5,18647.5,1.0,2024-05-08T01:16:00+0000
2024-05-08T02:29:00+0000,18647.0,18659.0,18647.0,18659.0,4.0,2024-05-08T02:29:00+0000
2024-05-08T02:30:00+0000,18647.25,18647.25,18647.25,18647.25,1.0,2024-05-08T02:30:00+0000
2024-05-08T04:51:00+0000,18620.25,18620.25,18620.25,18620.25,1.0,2024-05-08T04:51:00+0000
2024-05-08T04:52:00+0000,18620.25,18620.25,18618.0,18618.0,2.0,2024-05-08T04:52:00+0000
2024-05-08T05:10:00+0000,18631.5,18631.5,18631.5,18631.5,1.0,2024-05-08T05:10:00+0000
2024-05-08T05:26:00+0000,18627.75,18627.75,18627.75,18627.75,1.0,2024-05-08T05:26:00+0000
2024-05-08T05:56:00+0000,18641.0,18641.0,18641.0,18641.0,1.0,2024-05-08T05:56:00+0000
2024-05-08T11:21:00+0000,18604.0,18604.0,18604.0,18604.0,1.0,2024-05-08T11:21:00+0000
2024-05-08T12:37:00+0000,18518.25,18518.25,18518.25,18518.25,1.0,2024-05-08T12:37:00+0000
2024-05-08T14:28:00+0000,18637.0,18637.0,18637.0,18637.0,1.0,2024-05-08T14:28:00+0000
2024-05-08T14:41:00+0000,18637.0,18637.0,18637.0,18637.0,1.0,2024-05-08T14:41:00+0000
2024-05-08T14:51:00+0000,18655.75,18655.75,18654.25,18654.25,3.0,2024-05-08T14:51:00+0000
2024-05-08T14:54:00+0000,18676.5,18676.5,18676.5,18676.5,1.0,2024-05-08T14:54:00+0000
2024-05-08T15:00:00+0000,18664.25,18664.75,18664.25,18664.75,2.0,2024-05-08T15:00:00+0000
2024-05-08T15:19:00+0000,18628.25,18628.25,18628.25,18628.25,1.0,2024-05-08T15:19:00+0000
2024-05-08T15:37:00+0000,18627.25,18627.25,18627.25,18627.25,1.0,2024-05-08T15:37:00+0000
2024-05-08T16:13:00+0000,18619.0,18619.0,18619.0,18619.0,1.0,2024-05-08T16:13:00+0000
2024-05-08T16:35:00+0000,18600.0,18600.0,18600.0,18600.0,1.0,2024-05-08T16:35:00+0000
2024-05-08T16:47:00+0000,18611.0,18611.0,18611.0,18611.0,1.0,2024-05-08T16:47:00+0000
2024-05-08T17:31:00+0000,18601.5,18601.5,18601.5,18601.5,1.0,2024-05-08T17:31:00+0000
2024-05-08T17:33:00+0000,18599.25,18599.25,18599.25,18599.25,1.0,2024-05-08T17:33:00+0000
2024-05-08T17:45:00+0000,18603.0,18603.0,18603.0,18603.0,1.0,2024-05-08T17:45:00+0000
2024-05-08T20:05:00+0000,18599.0,18599.0,18587.0,18587.0,5.0,2024-05-08T20:05:00+0000
2024-05-08T20:23:00+0000,18612.0,18612.0,18612.0,18612.0,2.0,2024-05-08T20:23:00+0000
2024-05-08T20:54:00+0000,18588.5,18588.5,18588.5,18588.5,3.0,2024-05-08T20:54:00+0000
2024-05-08T23:16:00+0000,18606.5,18609.5,18606.5,18609.5,2.0,2024-05-08T23:16:00+0000
2024-05-08T23:21:00+0000,18608.5,18608.5,18608.5,18608.5,1.0,2024-05-08T23:21:00+0000
2024-05-09T03:08:00+0000,18594.75,18594.75,18588.75,18588.75,3.0,2024-05-09T03:08:00+0000
2024-05-09T03:10:00+0000,18595.5,18595.5,18588.75,18588.75,2.0,2024-05-09T03:10:00+0000
2024-05-09T10:45:00+0000,18587.25,18587.25,18587.25,18587.25,1.0,2024-05-09T10:45:00+0000
2024-05-09T12:30:00+0000,18610.75,18610.75,18610.75,18610.75,1.0,2024-05-09T12:30:00+0000
2024-05-09T12:53:00+0000,18620.0,18620.0,18620.0,18620.0,1.0,2024-05-09T12:53:00+0000
2024-05-10T09:00:00+0000,18725.0,18725.0,18725.0,18725.0,1.0,2024-05-10T09:00:00+0000
2024-05-10T11:07:00+0000,18740.0,18740.0,18740.0,18740.0,1.0,2024-05-10T11:07:00+0000
2024-05-10T11:12:00+0000,18725.75,18725.75,18725.75,18725.75,1.0,2024-05-10T11:12:00+0000
2024-05-10T13:04:00+0000,18697.75,18697.75,18697.75,18697.75,1.0,2024-05-10T13:04:00+0000
2024-05-10T13:26:00+0000,18718.0,18718.0,18718.0,18718.0,4.0,2024-05-10T13:26:00+0000
2024-05-10T13:58:00+0000,18765.0,18765.0,18765.0,18765.0,1.0,2024-05-10T13:58:00+0000
2024-05-10T14:03:00+0000,18746.25,18746.25,18746.25,18746.25,1.0,2024-05-10T14:03:00+0000
2024-05-10T14:07:00+0000,18744.0,18744.0,18744.0,18744.0,1.0,2024-05-10T14:07:00+0000
2024-05-10T14:08:00+0000,18741.25,18741.25,18741.25,18741.25,1.0,2024-05-10T14:08:00+0000
2024-05-10T14:21:00+0000,18692.0,18692.0,18692.0,18692.0,1.0,2024-05-10T14:21:00+0000
2024-05-10T14:55:00+0000,18640.0,18640.0,18640.0,18640.0,1.0,2024-05-10T14:55:00+0000
2024-05-10T15:37:00+0000,18651.0,18651.0,18651.0,18651.0,1.0,2024-05-10T15:37:00+0000
2024-05-10T17:44:00+0000,18660.25,18660.25,18660.25,18660.25,1.0,2024-05-10T17:44:00+0000
2024-05-10T19:12:00+0000,18689.5,18689.5,18689.5,18689.5,1.0,2024-05-10T19:12:00+0000
2024-05-10T19:16:00+0000,18694.0,18694.0,18694.0,18694.0,1.0,2024-05-10T19:16:00+0000
2024-05-10T19:18:00+0000,18693.5,18693.5,18693.5,18693.5,1.0,2024-05-10T19:18:00+0000
2024-05-13T05:14:00+0000,18735.0,18735.0,18735.0,18735.0,2.0,2024-05-13T05:14:00+0000
2024-05-13T05:15:00+0000,18735.0,18735.0,18735.0,18735.0,1.0,2024-05-13T05:15:00+0000
2024-05-13T11:54:00+0000,18755.5,18755.5,18755.5,18755.5,1.0,2024-05-13T11:54:00+0000
2024-05-13T12:20:00+0000,18745.25,18745.25,18745.25,18745.25,1.0,2024-05-13T12:20:00+0000
2024-05-13T13:08:00+0000,18761.25,18761.25,18761.25,18761.25,1.0,2024-05-13T13:08:00+0000
2024-05-13T13:33:00+0000,18760.75,18760.75,18760.75,18760.75,1.0,2024-05-13T13:33:00+0000
2024-05-13T13:59:00+0000,18731.25,18731.25,18731.25,18731.25,1.0,2024-05-13T13:59:00+0000
2024-05-13T14:52:00+0000,18734.75,18734.75,18734.75,18734.75,1.0,2024-05-13T14:52:00+0000
2024-05-13T15:22:00+0000,18731.25,18731.25,18731.25,18731.25,1.0,2024-05-13T15:22:00+0000
2024-05-13T16:55:00+0000,18739.0,18739.0,18739.0,18739.0,1.0,2024-05-13T16:55:00+0000
2024-05-13T17:06:00+0000,18712.75,18712.75,18712.75,18712.75,1.0,2024-05-13T17:06:00+0000
2024-05-13T17:16:00+0000,18731.25,18731.25,18731.25,18731.25,1.0,2024-05-13T17:16:00+0000
2024-05-13T18:04:00+0000,18712.75,18712.75,18712.75,18712.75,1.0,2024-05-13T18:04:00+0000
2024-05-14T12:40:00+0000,18705.25,18705.25,18705.25,18705.25,1.0,2024-05-14T12:40:00+0000
2024-05-14T13:10:00+0000,18708.75,18708.75,18708.75,18708.75,1.0,2024-05-14T13:10:00+0000
2024-05-14T13:46:00+0000,18765.75,18765.75,18765.75,18765.75,2.0,2024-05-14T13:46:00+0000
2024-05-14T14:38:00+0000,18741.25,18741.25,18741.25,18741.25,1.0,2024-05-14T14:38:00+0000
2024-05-14T14:43:00+0000,18749.0,18749.0,18749.0,18749.0,1.0,2024-05-14T14:43:00+0000
2024-05-14T14:59:00+0000,18770.25,18770.25,18770.25,18770.25,1.0,2024-05-14T14:59:00+0000
2024-05-14T15:05:00+0000,18776.25,18776.25,18776.25,18776.25,1.0,2024-05-14T15:05:00+0000
2024-05-14T15:10:00+0000,18786.5,18786.5,18786.5,18786.5,1.0,2024-05-14T15:10:00+0000
2024-05-14T15:16:00+0000,18792.75,18792.75,18792.75,18792.75,1.0,2024-05-14T15:16:00+0000
2024-05-14T15:21:00+0000,18792.0,18792.0,18792.0,18792.0,1.0,2024-05-14T15:21:00+0000
2024-05-14T15:38:00+0000,18779.0,18779.0,18779.0,18779.0,1.0,2024-05-14T15:38:00+0000
2024-05-14T15:42:00+0000,18773.0,18773.0,18765.5,18765.5,2.0,2024-05-14T15:42:00+0000
2024-05-14T16:29:00+0000,18749.25,18749.25,18749.25,18749.25,1.0,2024-05-14T16:29:00+0000
2024-05-14T16:30:00+0000,18747.25,18747.25,18747.25,18747.25,1.0,2024-05-14T16:30:00+0000
2024-05-14T18:41:00+0000,18850.0,18850.0,18850.0,18850.0,1.0,2024-05-14T18:41:00+0000
2024-05-14T18:51:00+0000,18835.25,18835.25,18835.25,18835.25,1.0,2024-05-14T18:51:00+0000
2024-05-14T18:55:00+0000,18850.0,18850.0,18850.0,18850.0,1.0,2024-05-14T18:55:00+0000
2024-05-14T19:11:00+0000,18850.0,18850.0,18850.0,18850.0,1.0,2024-05-14T19:11:00+0000
2024-05-15T09:11:00+0000,18864.75,18864.75,18864.25,18864.25,6.0,2024-05-15T09:11:00+0000
2024-05-15T12:29:00+0000,18851.75,18851.75,18851.75,18851.75,1.0,2024-05-15T12:29:00+0000
2024-05-15T12:30:00+0000,18962.5,18962.5,18960.0,18960.0,2.0,2024-05-15T12:30:00+0000
2024-05-15T12:31:00+0000,18937.0,18937.0,18937.0,18937.0,1.0,2024-05-15T12:31:00+0000
2024-05-15T12:32:00+0000,18985.0,18985.0,18985.0,18985.0,1.0,2024-05-15T12:32:00+0000
2024-05-15T13:00:00+0000,18946.5,18946.5,18946.5,18946.5,2.0,2024-05-15T13:00:00+0000
2024-05-15T14:36:00+0000,19000.0,19000.0,19000.0,19000.0,2.0,2024-05-15T14:36:00+0000
2024-05-15T15:07:00+0000,19032.25,19032.25,19032.25,19032.25,4.0,2024-05-15T15:07:00+0000
2024-05-15T17:14:00+0000,19098.25,19098.25,19098.25,19098.25,1.0,2024-05-15T17:14:00+0000
2024-05-15T17:16:00+0000,19105.0,19105.0,19105.0,19105.0,1.0,2024-05-15T17:16:00+0000
2024-05-15T18:13:00+0000,19150.25,19150.25,19150.25,19150.25,1.0,2024-05-15T18:13:00+0000
2024-05-15T19:21:00+0000,19152.5,19152.5,19152.5,19152.5,1.0,2024-05-15T19:21:00+0000
2024-05-15T19:31:00+0000,19147.5,19147.5,19147.5,19147.5,1.0,2024-05-15T19:31:00+0000
2024-05-15T19:36:00+0000,19142.75,19142.75,19142.75,19142.75,1.0,2024-05-15T19:36:00+0000
2024-05-15T19:48:00+0000,19140.0,19140.0,19140.0,19140.0,1.0,2024-05-15T19:48:00+0000
2024-05-16T00:02:00+0000,19180.75,19185.25,19180.75,19185.25,2.0,2024-05-16T00:02:00+0000
2024-05-16T01:25:00+0000,19183.5,19183.5,19183.5,19183.5,1.0,2024-05-16T01:25:00+0000
2024-05-16T03:12:00+0000,19185.25,19185.25,19185.25,19185.25,1.0,2024-05-16T03:12:00+0000
2024-05-16T03:35:00+0000,19184.0,19184.0,19184.0,19184.0,1.0,2024-05-16T03:35:00+0000
2024-05-16T07:29:00+0000,19174.5,19174.5,19174.5,19174.5,1.0,2024-05-16T07:29:00+0000
2024-05-16T14:23:00+0000,19170.0,19170.0,19170.0,19170.0,1.0,2024-05-16T14:23:00+0000
2024-05-16T15:13:00+0000,19198.0,19198.0,19198.0,19198.0,1.0,2024-05-16T15:13:00+0000
2024-05-16T19:59:00+0000,19105.0,19105.0,19105.0,19105.0,1.0,2024-05-16T19:59:00+0000
2024-05-17T04:15:00+0000,19104.75,19104.75,19104.75,19104.75,1.0,2024-05-17T04:15:00+0000
2024-05-17T04:17:00+0000,19106.0,19106.25,19105.75,19106.25,3.0,2024-05-17T04:17:00+0000
2024-05-17T05:11:00+0000,19118.25,19118.25,19118.25,19118.25,1.0,2024-05-17T05:11:00+0000
2024-05-17T10:28:00+0000,19115.0,19115.0,19115.0,19115.0,1.0,2024-05-17T10:28:00+0000
2024-05-17T13:33:00+0000,19111.0,19111.0,19111.0,19111.0,1.0,2024-05-17T13:33:00+0000
2024-05-17T15:45:00+0000,19090.25,19090.25,19090.25,19090.25,1.0,2024-05-17T15:45:00+0000
2024-05-17T15:57:00+0000,19112.25,19112.25,19112.25,19112.25,1.0,2024-05-17T15:57:00+0000
2024-05-20T07:38:00+0000,19134.0,19134.0,19134.0,19134.0,1.0,2024-05-20T07:38:00+0000
2024-05-20T13:03:00+0000,19108.5,19108.5,19108.5,19108.5,1.0,2024-05-20T13:03:00+0000
2024-05-20T15:30:00+0000,19209.0,19209.0,19209.0,19209.0,1.0,2024-05-20T15:30:00+0000
2024-05-21T00:39:00+0000,19214.25,19214.25,19214.25,19214.25,1.0,2024-05-21T00:39:00+0000
2024-05-21T09:30:00+0000,19201.0,19201.0,19200.0,19200.0,5.0,2024-05-21T09:30:00+0000
2024-05-21T15:36:00+0000,19216.5,19216.5,19216.5,19216.5,1.0,2024-05-21T15:36:00+0000
2024-05-21T19:16:00+0000,19240.5,19240.5,19240.5,19240.5,1.0,2024-05-21T19:16:00+0000
2024-05-21T19:27:00+0000,19241.0,19241.0,19241.0,19241.0,1.0,2024-05-21T19:27:00+0000
2024-05-22T00:45:00+0000,19293.0,19293.0,19293.0,19293.0,1.0,2024-05-22T00:45:00+0000
2024-05-22T13:41:00+0000,19267.25,19267.25,19267.25,19267.25,2.0,2024-05-22T13:41:00+0000
2024-05-22T14:31:00+0000,19288.0,19288.0,19288.0,19288.0,1.0,2024-05-22T14:31:00+0000
2024-05-22T15:33:00+0000,19311.75,19311.75,19311.75,19311.75,1.0,2024-05-22T15:33:00+0000
2024-05-22T17:32:00+0000,19287.75,19287.75,19287.75,19287.75,1.0,2024-05-22T17:32:00+0000
2024-05-22T18:02:00+0000,19200.0,19200.0,19200.0,19200.0,1.0,2024-05-22T18:02:00+0000
2024-05-22T18:21:00+0000,19185.5,19185.5,19185.5,19185.5,8.0,2024-05-22T18:21:00+0000
2024-05-22T20:38:00+0000,19280.0,19280.0,19280.0,19280.0,1.0,2024-05-22T20:38:00+0000
2024-05-23T04:10:00+0000,19440.75,19444.75,19440.75,19444.75,2.0,2024-05-23T04:10:00+0000
2024-05-23T04:11:00+0000,19445.5,19445.5,19445.5,19445.5,1.0,2024-05-23T04:11:00+0000
2024-05-23T06:02:00+0000,19425.0,19425.0,19425.0,19425.0,1.0,2024-05-23T06:02:00+0000
2024-05-23T09:03:00+0000,19400.0,19400.0,19400.0,19400.0,1.0,2024-05-23T09:03:00+0000
2024-05-23T12:26:00+0000,19480.0,19480.0,19480.0,19480.0,2.0,2024-05-23T12:26:00+0000
2024-05-23T12:47:00+0000,19500.0,19500.0,19500.0,19500.0,1.0,2024-05-23T12:47:00+0000
2024-05-23T13:53:00+0000,19344.0,19344.0,19344.0,19344.0,1.0,2024-05-23T13:53:00+0000
2024-05-23T14:34:00+0000,19380.0,19380.0,19380.0,19380.0,1.0,2024-05-23T14:34:00+0000
2024-05-23T14:42:00+0000,19385.5,19385.5,19385.5,19385.5,1.0,2024-05-23T14:42:00+0000
2024-05-23T14:53:00+0000,19327.25,19327.25,19327.25,19327.25,1.0,2024-05-23T14:53:00+0000
2024-05-23T15:53:00+0000,19405.0,19405.0,19405.0,19405.0,2.0,2024-05-23T15:53:00+0000
2024-05-23T16:30:00+0000,19405.0,19405.0,19405.0,19405.0,1.0,2024-05-23T16:30:00+0000
2024-05-23T17:37:00+0000,19280.5,19280.5,19280.5,19280.5,5.0,2024-05-23T17:37:00+0000
2024-05-23T19:06:00+0000,19108.0,19108.0,19108.0,19108.0,1.0,2024-05-23T19:06:00+0000
2024-05-23T19:55:00+0000,19180.25,19180.25,19180.25,19180.25,1.0,2024-05-23T19:55:00+0000
2024-05-23T20:34:00+0000,19160.0,19160.0,19160.0,19160.0,1.0,2024-05-23T20:34:00+0000
2024-05-23T20:35:00+0000,19161.0,19162.0,19161.0,19162.0,2.0,2024-05-23T20:35:00+0000
2024-05-24T07:11:00+0000,19167.5,19167.5,19167.5,19167.5,1.0,2024-05-24T07:11:00+0000
2024-05-24T14:15:00+0000,19279.25,19279.25,19279.25,19279.25,2.0,2024-05-24T14:15:00+0000
2024-05-24T15:13:00+0000,19394.5,19394.5,19394.5,19394.5,2.0,2024-05-24T15:13:00+0000
2024-05-24T15:14:00+0000,19400.0,19400.0,19400.0,19400.0,1.0,2024-05-24T15:14:00+0000
2024-05-24T16:19:00+0000,19390.75,19390.75,19390.75,19390.75,1.0,2024-05-24T16:19:00+0000
2024-05-24T16:55:00+0000,19388.25,19388.25,19388.25,19388.25,1.0,2024-05-24T16:55:00+0000
2024-05-24T18:09:00+0000,19400.25,19400.25,19400.25,19400.25,1.0,2024-05-24T18:09:00+0000
2024-05-24T20:10:00+0000,19360.0,19360.0,19360.0,19360.0,1.0,2024-05-24T20:10:00+0000
2024-05-27T06:54:00+0000,19354.75,19354.75,19354.75,19354.75,1.0,2024-05-27T06:54:00+0000
2024-05-27T12:28:00+0000,19368.0,19368.25,19368.0,19368.25,2.0,2024-05-27T12:28:00+0000
2024-05-27T15:23:00+0000,19402.25,19402.25,19402.25,19402.25,1.0,2024-05-27T15:23:00+0000
2024-05-27T15:56:00+0000,19420.0,19420.0,19420.0,19420.0,1.0,2024-05-27T15:56:00+0000
2024-05-27T16:01:00+0000,19413.0,19413.0,19413.0,19413.0,2.0,2024-05-27T16:01:00+0000
2024-05-27T16:13:00+0000,19428.5,19428.5,19428.5,19428.5,1.0,2024-05-27T16:13:00+0000
2024-05-27T16:26:00+0000,19435.0,19435.0,19435.0,19435.0,2.0,2024-05-27T16:26:00+0000
2024-05-27T16:27:00+0000,19438.75,19450.75,19438.75,19450.75,2.0,2024-05-27T16:27:00+0000
2024-05-27T16:30:00+0000,19428.25,19428.25,19428.25,19428.25,1.0,2024-05-27T16:30:00+0000
2024-05-27T22:21:00+0000,19408.0,19408.0,19408.0,19408.0,1.0,2024-05-27T22:21:00+0000
2024-05-28T08:15:00+0000,19440.0,19440.0,19440.0,19440.0,1.0,2024-05-28T08:15:00+0000
